Test case 1 - GRID format with BRIEF display
# Source on XXXX-XXXX: ... connected.
SET FOREIGN_KEY_CHECKS=0;
# Exporting metadata from util_test
# TABLES in util_test:
+---------------+-------------+---------+-------------------+-----------------+-------------------------+--------------+-----------------+-------------+--------------------+-----------------+------------------+------------------------+-------------------------+--------------+--------------+----------------------+-------------+--------------------------+-------------------------+
| TABLE_SCHEMA  | TABLE_NAME  | ENGINE  | ORDINAL_POSITION  | COLUMN_NAME     | COLUMN_TYPE             | IS_NULLABLE  | COLUMN_DEFAULT  | COLUMN_KEY  | TABLE_COLLATION    | CREATE_OPTIONS  | CONSTRAINT_NAME  | REFERENCED_TABLE_NAME  | UNIQUE_CONSTRAINT_NAME  | UPDATE_RULE  | DELETE_RULE  | KEY_CONSTRAINT_NAME  | COL_NAME    | REFERENCED_TABLE_SCHEMA  | REFERENCED_COLUMN_NAME  |
+---------------+-------------+---------+-------------------+-----------------+-------------------------+--------------+-----------------+-------------+--------------------+-----------------+------------------+------------------------+-------------------------+--------------+--------------+----------------------+-------------+--------------------------+-------------------------+
| util_test     | t1          | MEMORY  | 1                 | a               | char(30)                | YES          | None            |             | latin1_swedish_ci  |                 | None             | None                   | None                    | None         | None         | None                 | None        | None                     | None                    |
| util_test     | t2          | MyISAM  | 1                 | a               | char(30)                | YES          | None            |             | latin1_swedish_ci  |                 | None             | None                   | None                    | None         | None         | None                 | None        | None                     | None                    |
| util_test     | t3          | InnoDB  | 1                 | a               | int(11)                 | NO           | None            | PRI         | latin1_swedish_ci  |                 | None             | None                   | None                    | None         | None         | PRIMARY              | a           | None                     | None                    |
| util_test     | t3          | InnoDB  | 2                 | b               | varchar(30)             | YES          | None            |             | latin1_swedish_ci  |                 | None             | None                   | None                    | None         | None         | PRIMARY              | a           | None                     | None                    |
| util_test     | t4          | InnoDB  | 1                 | c               | int(11)                 | NO           | None            | MUL         | latin1_swedish_ci  |                 | ref_t3           | t3                     | PRIMARY                 | RESTRICT     | RESTRICT     | ref_t3               | c           | util_test                | a                       |
| util_test     | t4          | InnoDB  | 2                 | d               | int(11)                 | NO           | None            |             | latin1_swedish_ci  |                 | ref_t3           | t3                     | PRIMARY                 | RESTRICT     | RESTRICT     | ref_t3               | c           | util_test                | a                       |
| util_test     | t5          | InnoDB  | 1                 | product_id      | int(10) unsigned        | NO           | None            | PRI         | latin1_swedish_ci  |                 | None             | None                   | None                    | None         | None         | PRIMARY              | product_id  | None                     | None                    |
| util_test     | t5          | InnoDB  | 2                 | name            | varchar(20)             | YES          | None            |             | latin1_swedish_ci  |                 | None             | None                   | None                    | None         | None         | PRIMARY              | product_id  | None                     | None                    |
| util_test     | t5          | InnoDB  | 3                 | base_price      | decimal(20,2) unsigned  | YES          | None            |             | latin1_swedish_ci  |                 | None             | None                   | None                    | None         | None         | PRIMARY              | product_id  | None                     | None                    |
| util_test     | t5          | InnoDB  | 4                 | tax_percentage  | decimal(3,0) unsigned   | YES          | None            |             | latin1_swedish_ci  |                 | None             | None                   | None                    | None         | None         | PRIMARY              | product_id  | None                     | None                    |
+---------------+-------------+---------+-------------------+-----------------+-------------------------+--------------+-----------------+-------------+--------------------+-----------------+------------------+------------------------+-------------------------+--------------+--------------+----------------------+-------------+--------------------------+-------------------------+
# FUNCTIONS in util_test:
+-------+-----------+------------------+-------------------+----------------+-----------------+--------------------------------------------------------------------------+-------------------------+------------------------------------------------------+-----------+-----------------------+-----------------------+--------------------+
| NAME  | LANGUAGE  | SQL_DATA_ACCESS  | IS_DETERMINISTIC  | SECURITY_TYPE  | DEFINER         | PARAM_LIST                                                               | RETURNS                 | BODY                                                 | SQL_MODE  | CHARACTER_SET_CLIENT  | COLLATION_CONNECTION  | DB_COLLATION       |
+-------+-----------+------------------+-------------------+----------------+-----------------+--------------------------------------------------------------------------+-------------------------+------------------------------------------------------+-----------+-----------------------+-----------------------+--------------------+
| f1    | SQL       | CONTAINS_SQL     | YES               | DEFINER        | root@localhost  |                                                                          | int(11)                 | RETURN (SELECT 1)                                    |           | utf8                  | utf8_general_ci       | latin1_swedish_ci  |
| f2    | SQL       | CONTAINS_SQL     | YES               | DEFINER        | root@localhost  | base_price DECIMAL(20,2) UNSIGNED, tax_percentage DECIMAL(3,0) UNSIGNED  | decimal(21,2) unsigned  | RETURN base_price + base_price*(tax_percentage/100)  |           | utf8                  | utf8_general_ci       | latin1_swedish_ci  |
+-------+-----------+------------------+-------------------+----------------+-----------------+--------------------------------------------------------------------------+-------------------------+------------------------------------------------------+-----------+-----------------------+-----------------------+--------------------+
# PROCEDURES in util_test:
+-------+-----------+------------------+-------------------+----------------+-----------------+--------------+----------+-----------------------------------------+-----------+-----------------------+-----------------------+--------------------+
| NAME  | LANGUAGE  | SQL_DATA_ACCESS  | IS_DETERMINISTIC  | SECURITY_TYPE  | DEFINER         | PARAM_LIST   | RETURNS  | BODY                                    | SQL_MODE  | CHARACTER_SET_CLIENT  | COLLATION_CONNECTION  | DB_COLLATION       |
+-------+-----------+------------------+-------------------+----------------+-----------------+--------------+----------+-----------------------------------------+-----------+-----------------------+-----------------------+--------------------+
| p1    | SQL       | CONTAINS_SQL     | NO                | DEFINER        | root@localhost  | p1 CHAR(20)  |          | INSERT INTO util_test.t1 VALUES ("50")  |           | utf8                  | utf8_general_ci       | latin1_swedish_ci  |
+-------+-----------+------------------+-------------------+----------------+-----------------+--------------+----------+-----------------------------------------+-----------+-----------------------+-----------------------+--------------------+
# VIEWS in util_test:
+---------------+-------------+-----------------+----------------+--------------------------------------------------------------------------------------------------------------------------------------------------------------+---------------+---------------+-----------------------+-----------------------+
| TABLE_SCHEMA  | TABLE_NAME  | DEFINER         | SECURITY_TYPE  | VIEW_DEFINITION                                                                                                                                              | CHECK_OPTION  | IS_UPDATABLE  | CHARACTER_SET_CLIENT  | COLLATION_CONNECTION  |
+---------------+-------------+-----------------+----------------+--------------------------------------------------------------------------------------------------------------------------------------------------------------+---------------+---------------+-----------------------+-----------------------+
| util_test     | v2          | root@localhost  | DEFINER        | select `util_test`.`t5`.`name` AS `name`,`util_test`.`f2`(`util_test`.`t5`.`base_price`,`util_test`.`t5`.`tax_percentage`) AS `price` from `util_test`.`t5`  | NONE          | YES           | utf8                  | utf8_general_ci       |
| util_test     | v1          | root@localhost  | DEFINER        | select `util_test`.`t1`.`a` AS `a` from `util_test`.`t1`                                                                                                     | NONE          | YES           | utf8                  | utf8_general_ci       |
+---------------+-------------+-----------------+----------------+--------------------------------------------------------------------------------------------------------------------------------------------------------------+---------------+---------------+-----------------------+-----------------------+
# TRIGGERS in util_test:
+---------------+-----------------+---------------------+----------------------+---------------------+---------------------+----------------+--------------------------------------------------------+-----------+-----------------------+-----------------------+---------------------+
| TRIGGER_NAME  | DEFINER         | EVENT_MANIPULATION  | EVENT_OBJECT_SCHEMA  | EVENT_OBJECT_TABLE  | ACTION_ORIENTATION  | ACTION_TIMING  | ACTION_STATEMENT                                       | SQL_MODE  | CHARACTER_SET_CLIENT  | COLLATION_CONNECTION  | DATABASE_COLLATION  |
+---------------+-----------------+---------------------+----------------------+---------------------+---------------------+----------------+--------------------------------------------------------+-----------+-----------------------+-----------------------+---------------------+
| trg           | root@localhost  | INSERT              | util_test            | t1                  | ROW                 | AFTER          | INSERT INTO util_test.t2 VALUES('Test objects count')  |           | utf8                  | utf8_general_ci       | latin1_swedish_ci   |
+---------------+-----------------+---------------------+----------------------+---------------------+---------------------+----------------+--------------------------------------------------------+-----------+-----------------------+-----------------------+---------------------+
# EVENTS in util_test:
+-------+-----------------+-------------------------------------------------+-----------+-------------+-----------------+-----------------+-----------+----------------------+-------+-----------+----------------+-------------+-----------------------+-----------------------+--------------------+
| NAME  | DEFINER         | BODY                                            | STATUS    | EXECUTE_AT  | INTERVAL_VALUE  | INTERVAL_FIELD  | SQL_MODE  | STARTS               | ENDS  | STATUS    | ON_COMPLETION  | ORIGINATOR  | CHARACTER_SET_CLIENT  | COLLATION_CONNECTION  | DB_COLLATION       |
+-------+-----------------+-------------------------------------------------+-----------+-------------+-----------------+-----------------+-----------+----------------------+-------+-----------+----------------+-------------+-----------------------+-----------------------+--------------------+
| e1    | root@localhost  | DELETE FROM util_test.t1 WHERE a = "not there"  | DISABLED  | None        | 1               | YEAR            |           | XXXX-XX-XX XX:XX:XX  | None  | DISABLED  | DROP           | X           | utf8                  | utf8_general_ci       | latin1_swedish_ci  |
+-------+-----------------+-------------------------------------------------+-----------+-------------+-----------------+-----------------+-----------+----------------------+-------+-----------+----------------+-------------+-----------------------+-----------------------+--------------------+
# GRANTS in util_test:
+---------------------+--------------------------+---------------+-------------+--------------+---------------+
| GRANTEE             | PRIVILEGE_TYPE           | TABLE_SCHEMA  | TABLE_NAME  | COLUMN_NAME  | ROUTINE_NAME  |
+---------------------+--------------------------+---------------+-------------+--------------+---------------+
| 'joe'@'user'        | ALTER                    | util_test     | None        | None         | None          |
| 'joe'@'user'        | ALTER ROUTINE            | util_test     | None        | None         | None          |
| 'joe'@'user'        | CREATE                   | util_test     | None        | None         | None          |
| 'joe'@'user'        | CREATE ROUTINE           | util_test     | None        | None         | None          |
| 'joe'@'user'        | CREATE TEMPORARY TABLES  | util_test     | None        | None         | None          |
| 'joe'@'user'        | CREATE VIEW              | util_test     | None        | None         | None          |
| 'joe'@'user'        | DELETE                   | util_test     | None        | None         | None          |
| 'joe'@'user'        | DROP                     | util_test     | None        | None         | None          |
| 'joe'@'user'        | EVENT                    | util_test     | None        | None         | None          |
| 'joe'@'user'        | EXECUTE                  | util_test     | None        | None         | None          |
| 'joe'@'user'        | INDEX                    | util_test     | None        | None         | None          |
| 'joe'@'user'        | INSERT                   | util_test     | None        | None         | None          |
| 'joe'@'user'        | LOCK TABLES              | util_test     | None        | None         | None          |
| 'joe'@'user'        | REFERENCES               | util_test     | None        | None         | None          |
| 'joe'@'user'        | SELECT                   | util_test     | None        | None         | None          |
| 'joe'@'user'        | SHOW VIEW                | util_test     | None        | None         | None          |
| 'joe'@'user'        | TRIGGER                  | util_test     | None        | None         | None          |
| 'joe'@'user'        | UPDATE                   | util_test     | None        | None         | None          |
| 'joe_wildcard'@'%'  | ALTER                    | util_test     | None        | None         | None          |
| 'joe_wildcard'@'%'  | ALTER ROUTINE            | util_test     | None        | None         | None          |
| 'joe_wildcard'@'%'  | CREATE                   | util_test     | None        | None         | None          |
| 'joe_wildcard'@'%'  | CREATE ROUTINE           | util_test     | None        | None         | None          |
| 'joe_wildcard'@'%'  | CREATE TEMPORARY TABLES  | util_test     | None        | None         | None          |
| 'joe_wildcard'@'%'  | CREATE VIEW              | util_test     | None        | None         | None          |
| 'joe_wildcard'@'%'  | DELETE                   | util_test     | None        | None         | None          |
| 'joe_wildcard'@'%'  | DROP                     | util_test     | None        | None         | None          |
| 'joe_wildcard'@'%'  | EVENT                    | util_test     | None        | None         | None          |
| 'joe_wildcard'@'%'  | EXECUTE                  | util_test     | None        | None         | None          |
| 'joe_wildcard'@'%'  | INDEX                    | util_test     | None        | None         | None          |
| 'joe_wildcard'@'%'  | INSERT                   | util_test     | None        | None         | None          |
| 'joe_wildcard'@'%'  | LOCK TABLES              | util_test     | None        | None         | None          |
| 'joe_wildcard'@'%'  | REFERENCES               | util_test     | None        | None         | None          |
| 'joe_wildcard'@'%'  | SELECT                   | util_test     | None        | None         | None          |
| 'joe_wildcard'@'%'  | SHOW VIEW                | util_test     | None        | None         | None          |
| 'joe_wildcard'@'%'  | TRIGGER                  | util_test     | None        | None         | None          |
| 'joe_wildcard'@'%'  | UPDATE                   | util_test     | None        | None         | None          |
+---------------------+--------------------------+---------------+-------------+--------------+---------------+
#...done.
# Exporting data from util_test
# Data for table `util_test`.`t1`:
+---------------------------------+
| a                               |
+---------------------------------+
| 01 Test Basic database example  |
| 02 Test Basic database example  |
| 03 Test Basic database example  |
| 04 Test Basic database example  |
| 05 Test Basic database example  |
| 06 Test Basic database example  |
| 07 Test Basic database example  |
+---------------------------------+
# Data for table `util_test`.`t2`:
+---------------------------------+
| a                               |
+---------------------------------+
| 11 Test Basic database example  |
| 12 Test Basic database example  |
| 13 Test Basic database example  |
| NULL                            |
+---------------------------------+
# Data for table `util_test`.`t3`:
+----+----------------+
| a  | b              |
+----+----------------+
| 1  | 14 test fkeys  |
| 2  | 15 test fkeys  |
| 3  | 16 test fkeys  |
| 4  | NULL           |
+----+----------------+
# Data for table `util_test`.`t4`:
+----+----+
| c  | d  |
+----+----+
| 3  | 2  |
+----+----+
# Data for table `util_test`.`t5`:
+-------------+-------------+-------------+-----------------+
| product_id  | name        | base_price  | tax_percentage  |
+-------------+-------------+-------------+-----------------+
| 1           | kitkat      | 0.99        | 19              |
| 2           | M&M         | 5.99        | 19              |
| 3           | milk        | 0.67        | 5               |
| 4           | Dr. Pepper  | 0.99        | 19              |
+-------------+-------------+-------------+-----------------+
#...done.
SET FOREIGN_KEY_CHECKS=1;
Test case 2 - GRID format with FULL display
# Source on XXXX-XXXX: ... connected.
SET FOREIGN_KEY_CHECKS=0;
# Exporting metadata from util_test
# TABLES in util_test:
+----------------+---------------+-------------+-------------+---------+----------+-------------+-------------+-----------------+--------------+-------------------+---------------+------------+-----------------+----------------------+----------------------+-------------+--------------------+-----------+-----------------+----------------+-------------------+-----------------+-------------------------+--------------+-----------------+-------------+------------------+------------------------+-------------------------+---------------------------+--------------+--------------+----------------------+-------------+--------------------------+-------------------------+
| TABLE_CATALOG  | TABLE_SCHEMA  | TABLE_NAME  | TABLE_TYPE  | ENGINE  | VERSION  | ROW_FORMAT  | TABLE_ROWS  | AVG_ROW_LENGTH  | DATA_LENGTH  | MAX_DATA_LENGTH   | INDEX_LENGTH  | DATA_FREE  | AUTO_INCREMENT  | CREATE_TIME          | UPDATE_TIME          | CHECK_TIME  | TABLE_COLLATION    | CHECKSUM  | CREATE_OPTIONS  | TABLE_COMMENT  | ORDINAL_POSITION  | COLUMN_NAME     | COLUMN_TYPE             | IS_NULLABLE  | COLUMN_DEFAULT  | COLUMN_KEY  | CONSTRAINT_NAME  | REFERENCED_TABLE_NAME  | UNIQUE_CONSTRAINT_NAME  | UNIQUE_CONSTRAINT_SCHEMA  | UPDATE_RULE  | DELETE_RULE  | KEY_CONSTRAINT_NAME  | COL_NAME    | REFERENCED_TABLE_SCHEMA  | REFERENCED_COLUMN_NAME  |
+----------------+---------------+-------------+-------------+---------+----------+-------------+-------------+-----------------+--------------+-------------------+---------------+------------+-----------------+----------------------+----------------------+-------------+--------------------+-----------+-----------------+----------------+-------------------+-----------------+-------------------------+--------------+-----------------+-------------+------------------+------------------------+-------------------------+---------------------------+--------------+--------------+----------------------+-------------+--------------------------+-------------------------+
| None           | util_test     | t1          | BASE TABLE  | MEMORY  | 10       | Fixed       | 7           | 31              | XXXXXXXXXX | XXXXXXXXXX | 0             | XXXXXXXXXX | None            | XXXX-XX-XX XX:XX:XX | XXXX-XX-XX XX:XX:XX | None        | latin1_swedish_ci  | None      |                 |                | 1                 | a               | char(30)                | YES          | None            |             | None             | None                   | None                    | None                      | None         | None         | None                 | None        | None                     | None                    |
| None           | util_test     | t2          | BASE TABLE  | MyISAM  | 10       | Fixed       | 4           | 31              | XXXXXXXXXX | XXXXXXXXXX | 1024          | XXXXXXXXXX | None            | XXXX-XX-XX XX:XX:XX | XXXX-XX-XX XX:XX:XX | None        | latin1_swedish_ci  | None      |                 |                | 1                 | a               | char(30)                | YES          | None            |             | None             | None                   | None                    | None                      | None         | None         | None                 | None        | None                     | None                    |
| None           | util_test     | t3          | BASE TABLE  | InnoDB  | 10       | Compact     | 4           | 4096            | XXXXXXXXXX | XXXXXXXXXX | 0             | XXXXXXXXXX | 5               | XXXX-XX-XX XX:XX:XX | XXXX-XX-XX XX:XX:XX | None        | latin1_swedish_ci  | None      |                 |                | 1                 | a               | int(11)                 | NO           | None            | PRI         | None             | None                   | None                    | None                      | None         | None         | PRIMARY              | a           | None                     | None                    |
| None           | util_test     | t3          | BASE TABLE  | InnoDB  | 10       | Compact     | 4           | 4096            | XXXXXXXXXX | XXXXXXXXXX | 0             | XXXXXXXXXX | 5               | XXXX-XX-XX XX:XX:XX | XXXX-XX-XX XX:XX:XX | None        | latin1_swedish_ci  | None      |                 |                | 2                 | b               | varchar(30)             | YES          | None            |             | None             | None                   | None                    | None                      | None         | None         | PRIMARY              | a           | None                     | None                    |
| None           | util_test     | t4          | BASE TABLE  | InnoDB  | 10       | Compact     | 1           | 16384           | XXXXXXXXXX | XXXXXXXXXX | 16384         | XXXXXXXXXX | None            | XXXX-XX-XX XX:XX:XX | XXXX-XX-XX XX:XX:XX | None        | latin1_swedish_ci  | None      |                 |                | 1                 | c               | int(11)                 | NO           | None            | MUL         | ref_t3           | t3                     | PRIMARY                 | util_test                 | RESTRICT     | RESTRICT     | ref_t3               | c           | util_test                | a                       |
| None           | util_test     | t4          | BASE TABLE  | InnoDB  | 10       | Compact     | 1           | 16384           | XXXXXXXXXX | XXXXXXXXXX | 16384         | XXXXXXXXXX | None            | XXXX-XX-XX XX:XX:XX | XXXX-XX-XX XX:XX:XX | None        | latin1_swedish_ci  | None      |                 |                | 2                 | d               | int(11)                 | NO           | None            |             | ref_t3           | t3                     | PRIMARY                 | util_test                 | RESTRICT     | RESTRICT     | ref_t3               | c           | util_test                | a                       |
| None           | util_test     | t5          | BASE TABLE  | InnoDB  | 10       | Compact     | 4           | 4096            | XXXXXXXXXX | XXXXXXXXXX | 0             | XXXXXXXXXX | 5               | XXXX-XX-XX XX:XX:XX | XXXX-XX-XX XX:XX:XX | None        | latin1_swedish_ci  | None      |                 |                | 1                 | product_id      | int(10) unsigned        | NO           | None            | PRI         | None             | None                   | None                    | None                      | None         | None         | PRIMARY              | product_id  | None                     | None                    |
| None           | util_test     | t5          | BASE TABLE  | InnoDB  | 10       | Compact     | 4           | 4096            | XXXXXXXXXX | XXXXXXXXXX | 0             | XXXXXXXXXX | 5               | XXXX-XX-XX XX:XX:XX | XXXX-XX-XX XX:XX:XX | None        | latin1_swedish_ci  | None      |                 |                | 2                 | name            | varchar(20)             | YES          | None            |             | None             | None                   | None                    | None                      | None         | None         | PRIMARY              | product_id  | None                     | None                    |
| None           | util_test     | t5          | BASE TABLE  | InnoDB  | 10       | Compact     | 4           | 4096            | XXXXXXXXXX | XXXXXXXXXX | 0             | XXXXXXXXXX | 5               | XXXX-XX-XX XX:XX:XX | XXXX-XX-XX XX:XX:XX | None        | latin1_swedish_ci  | None      |                 |                | 3                 | base_price      | decimal(20,2) unsigned  | YES          | None            |             | None             | None                   | None                    | None                      | None         | None         | PRIMARY              | product_id  | None                     | None                    |
| None           | util_test     | t5          | BASE TABLE  | InnoDB  | 10       | Compact     | 4           | 4096            | XXXXXXXXXX | XXXXXXXXXX | 0             | XXXXXXXXXX | 5               | XXXX-XX-XX XX:XX:XX | XXXX-XX-XX XX:XX:XX | None        | latin1_swedish_ci  | None      |                 |                | 4                 | tax_percentage  | decimal(3,0) unsigned   | YES          | None            |             | None             | None                   | None                    | None                      | None         | None         | PRIMARY              | product_id  | None                     | None                    |
+----------------+---------------+-------------+-------------+---------+----------+-------------+-------------+-----------------+--------------+-------------------+---------------+------------+-----------------+----------------------+----------------------+-------------+--------------------+-----------+-----------------+----------------+-------------------+-----------------+-------------------------+--------------+-----------------+-------------+------------------+------------------------+-------------------------+---------------------------+--------------+--------------+----------------------+-------------+--------------------------+-------------------------+
# FUNCTIONS in util_test:
+------------+-------+-----------+----------------+-----------+------------------+-------------------+----------------+--------------------------------------------------------------------------+-------------------------+------------------------------------------------------+-----------------+----------------------+----------------------+-----------+----------+-----------------------+-----------------------+--------------------+------------------------------------------------------+
| DB         | NAME  | TYPE      | SPECIFIC_NAME  | LANGUAGE  | SQL_DATA_ACCESS  | IS_DETERMINISTIC  | SECURITY_TYPE  | PARAM_LIST                                                               | RETURNS                 | BODY                                                 | DEFINER         | CREATED              | MODIFIED             | SQL_MODE  | COMMENT  | CHARACTER_SET_CLIENT  | COLLATION_CONNECTION  | DB_COLLATION       | BODY_UTF8                                            |
+------------+-------+-----------+----------------+-----------+------------------+-------------------+----------------+--------------------------------------------------------------------------+-------------------------+------------------------------------------------------+-----------------+----------------------+----------------------+-----------+----------+-----------------------+-----------------------+--------------------+------------------------------------------------------+
| util_test  | f1    | FUNCTION  | f1             | SQL       | CONTAINS_SQL     | YES               | DEFINER        |                                                                          | int(11)                 | RETURN (SELECT 1)                                    | root@localhost  | XXXX-XX-XX XX:XX:XX  | XXXX-XX-XX XX:XX:XX  |           |          | utf8                  | utf8_general_ci       | latin1_swedish_ci  | RETURN (SELECT 1)                                    |
| util_test  | f2    | FUNCTION  | f2             | SQL       | CONTAINS_SQL     | YES               | DEFINER        | base_price DECIMAL(20,2) UNSIGNED, tax_percentage DECIMAL(3,0) UNSIGNED  | decimal(21,2) unsigned  | RETURN base_price + base_price*(tax_percentage/100)  | root@localhost  | XXXX-XX-XX XX:XX:XX  | XXXX-XX-XX XX:XX:XX  |           |          | utf8                  | utf8_general_ci       | latin1_swedish_ci  | RETURN base_price + base_price*(tax_percentage/100)  |
+------------+-------+-----------+----------------+-----------+------------------+-------------------+----------------+--------------------------------------------------------------------------+-------------------------+------------------------------------------------------+-----------------+----------------------+----------------------+-----------+----------+-----------------------+-----------------------+--------------------+------------------------------------------------------+
# PROCEDURES in util_test:
+------------+-------+------------+----------------+-----------+------------------+-------------------+----------------+--------------+----------+-----------------------------------------+-----------------+----------------------+----------------------+-----------+----------+-----------------------+-----------------------+--------------------+-----------------------------------------+
| DB         | NAME  | TYPE       | SPECIFIC_NAME  | LANGUAGE  | SQL_DATA_ACCESS  | IS_DETERMINISTIC  | SECURITY_TYPE  | PARAM_LIST   | RETURNS  | BODY                                    | DEFINER         | CREATED              | MODIFIED             | SQL_MODE  | COMMENT  | CHARACTER_SET_CLIENT  | COLLATION_CONNECTION  | DB_COLLATION       | BODY_UTF8                               |
+------------+-------+------------+----------------+-----------+------------------+-------------------+----------------+--------------+----------+-----------------------------------------+-----------------+----------------------+----------------------+-----------+----------+-----------------------+-----------------------+--------------------+-----------------------------------------+
| util_test  | p1    | PROCEDURE  | p1             | SQL       | CONTAINS_SQL     | NO                | DEFINER        | p1 CHAR(20)  |          | INSERT INTO util_test.t1 VALUES ("50")  | root@localhost  | XXXX-XX-XX XX:XX:XX  | XXXX-XX-XX XX:XX:XX  |           |          | utf8                  | utf8_general_ci       | latin1_swedish_ci  | INSERT INTO util_test.t1 VALUES ("50")  |
+------------+-------+------------+----------------+-----------+------------------+-------------------+----------------+--------------+----------+-----------------------------------------+-----------------+----------------------+----------------------+-----------+----------+-----------------------+-----------------------+--------------------+-----------------------------------------+
# VIEWS in util_test:
+----------------+---------------+-------------+--------------------------------------------------------------------------------------------------------------------------------------------------------------+---------------+---------------+-----------------+----------------+-----------------------+-----------------------+
| TABLE_CATALOG  | TABLE_SCHEMA  | TABLE_NAME  | VIEW_DEFINITION                                                                                                                                              | CHECK_OPTION  | IS_UPDATABLE  | DEFINER         | SECURITY_TYPE  | CHARACTER_SET_CLIENT  | COLLATION_CONNECTION  |
+----------------+---------------+-------------+--------------------------------------------------------------------------------------------------------------------------------------------------------------+---------------+---------------+-----------------+----------------+-----------------------+-----------------------+
| None           | util_test     | v2          | select `util_test`.`t5`.`name` AS `name`,`util_test`.`f2`(`util_test`.`t5`.`base_price`,`util_test`.`t5`.`tax_percentage`) AS `price` from `util_test`.`t5`  | NONE          | YES           | root@localhost  | DEFINER        | utf8                  | utf8_general_ci       |
| None           | util_test     | v1          | select `util_test`.`t1`.`a` AS `a` from `util_test`.`t1`                                                                                                     | NONE          | YES           | root@localhost  | DEFINER        | utf8                  | utf8_general_ci       |
+----------------+---------------+-------------+--------------------------------------------------------------------------------------------------------------------------------------------------------------+---------------+---------------+-----------------+----------------+-----------------------+-----------------------+
# TRIGGERS in util_test:
+------------------+-----------------+---------------+---------------------+
| TRIGGER_CATALOG  | TRIGGER_SCHEMA  | TRIGGER_NAME  |
+------------------+-----------------+---------------+---------------------+
| None             | util_test       | trg           | INSERT
+------------------+-----------------+---------------+---------------------+
# EVENTS in util_test:
+------------+-------+-------------------------------------------------+-----------------+-------------+-----------------+-----------------+----------------------+----------------------+----------------+----------------------+-------+-----------+----------------+-----------+----------+-------------+------------+-----------------------+-----------------------+--------------------+-------------------------------------------------+
| DB         | NAME  | BODY                                            | DEFINER         | EXECUTE_AT  | INTERVAL_VALUE  | INTERVAL_FIELD  | CREATED              | MODIFIED             | LAST_EXECUTED  | STARTS               | ENDS  | STATUS    | ON_COMPLETION  | SQL_MODE  | COMMENT  | ORIGINATOR  | TIME_ZONE  | CHARACTER_SET_CLIENT  | COLLATION_CONNECTION  | DB_COLLATION       | BODY_UTF8                                       |
+------------+-------+-------------------------------------------------+-----------------+-------------+-----------------+-----------------+----------------------+----------------------+----------------+----------------------+-------+-----------+----------------+-----------+----------+-------------+------------+-----------------------+-----------------------+--------------------+-------------------------------------------------+
| util_test  | e1    | DELETE FROM util_test.t1 WHERE a = "not there"  | root@localhost  | None        | 1               | YEAR            | XXXX-XX-XX XX:XX:XX  | XXXX-XX-XX XX:XX:XX  | None           | XXXX-XX-XX XX:XX:XX  | None  | DISABLED  | DROP           |           |          | X           | SYSTEM     | utf8                  | utf8_general_ci       | latin1_swedish_ci  | DELETE FROM util_test.t1 WHERE a = "not there"  |
+------------+-------+-------------------------------------------------+-----------------+-------------+-----------------+-----------------+----------------------+----------------------+----------------+----------------------+-------+-----------+----------------+-----------+----------+-------------+------------+-----------------------+-----------------------+--------------------+-------------------------------------------------+
# GRANTS in util_test:
+---------------------+--------------------------+---------------+-------------+--------------+---------------+
| GRANTEE             | PRIVILEGE_TYPE           | TABLE_SCHEMA  | TABLE_NAME  | COLUMN_NAME  | ROUTINE_NAME  |
+---------------------+--------------------------+---------------+-------------+--------------+---------------+
| 'joe'@'user'        | ALTER                    | util_test     | None        | None         | None          |
| 'joe'@'user'        | ALTER ROUTINE            | util_test     | None        | None         | None          |
| 'joe'@'user'        | CREATE                   | util_test     | None        | None         | None          |
| 'joe'@'user'        | CREATE ROUTINE           | util_test     | None        | None         | None          |
| 'joe'@'user'        | CREATE TEMPORARY TABLES  | util_test     | None        | None         | None          |
| 'joe'@'user'        | CREATE VIEW              | util_test     | None        | None         | None          |
| 'joe'@'user'        | DELETE                   | util_test     | None        | None         | None          |
| 'joe'@'user'        | DROP                     | util_test     | None        | None         | None          |
| 'joe'@'user'        | EVENT                    | util_test     | None        | None         | None          |
| 'joe'@'user'        | EXECUTE                  | util_test     | None        | None         | None          |
| 'joe'@'user'        | INDEX                    | util_test     | None        | None         | None          |
| 'joe'@'user'        | INSERT                   | util_test     | None        | None         | None          |
| 'joe'@'user'        | LOCK TABLES              | util_test     | None        | None         | None          |
| 'joe'@'user'        | REFERENCES               | util_test     | None        | None         | None          |
| 'joe'@'user'        | SELECT                   | util_test     | None        | None         | None          |
| 'joe'@'user'        | SHOW VIEW                | util_test     | None        | None         | None          |
| 'joe'@'user'        | TRIGGER                  | util_test     | None        | None         | None          |
| 'joe'@'user'        | UPDATE                   | util_test     | None        | None         | None          |
| 'joe_wildcard'@'%'  | ALTER                    | util_test     | None        | None         | None          |
| 'joe_wildcard'@'%'  | ALTER ROUTINE            | util_test     | None        | None         | None          |
| 'joe_wildcard'@'%'  | CREATE                   | util_test     | None        | None         | None          |
| 'joe_wildcard'@'%'  | CREATE ROUTINE           | util_test     | None        | None         | None          |
| 'joe_wildcard'@'%'  | CREATE TEMPORARY TABLES  | util_test     | None        | None         | None          |
| 'joe_wildcard'@'%'  | CREATE VIEW              | util_test     | None        | None         | None          |
| 'joe_wildcard'@'%'  | DELETE                   | util_test     | None        | None         | None          |
| 'joe_wildcard'@'%'  | DROP                     | util_test     | None        | None         | None          |
| 'joe_wildcard'@'%'  | EVENT                    | util_test     | None        | None         | None          |
| 'joe_wildcard'@'%'  | EXECUTE                  | util_test     | None        | None         | None          |
| 'joe_wildcard'@'%'  | INDEX                    | util_test     | None        | None         | None          |
| 'joe_wildcard'@'%'  | INSERT                   | util_test     | None        | None         | None          |
| 'joe_wildcard'@'%'  | LOCK TABLES              | util_test     | None        | None         | None          |
| 'joe_wildcard'@'%'  | REFERENCES               | util_test     | None        | None         | None          |
| 'joe_wildcard'@'%'  | SELECT                   | util_test     | None        | None         | None          |
| 'joe_wildcard'@'%'  | SHOW VIEW                | util_test     | None        | None         | None          |
| 'joe_wildcard'@'%'  | TRIGGER                  | util_test     | None        | None         | None          |
| 'joe_wildcard'@'%'  | UPDATE                   | util_test     | None        | None         | None          |
+---------------------+--------------------------+---------------+-------------+--------------+---------------+
#...done.
# NOTE : --display is ignored for data export.
# Exporting data from util_test
# Data for table `util_test`.`t1`:
+---------------------------------+
| a                               |
+---------------------------------+
| 01 Test Basic database example  |
| 02 Test Basic database example  |
| 03 Test Basic database example  |
| 04 Test Basic database example  |
| 05 Test Basic database example  |
| 06 Test Basic database example  |
| 07 Test Basic database example  |
+---------------------------------+
# Data for table `util_test`.`t2`:
+---------------------------------+
| a                               |
+---------------------------------+
| 11 Test Basic database example  |
| 12 Test Basic database example  |
| 13 Test Basic database example  |
| NULL                            |
+---------------------------------+
# Data for table `util_test`.`t3`:
+----+----------------+
| a  | b              |
+----+----------------+
| 1  | 14 test fkeys  |
| 2  | 15 test fkeys  |
| 3  | 16 test fkeys  |
| 4  | NULL           |
+----+----------------+
# Data for table `util_test`.`t4`:
+----+----+
| c  | d  |
+----+----+
| 3  | 2  |
+----+----+
# Data for table `util_test`.`t5`:
+-------------+-------------+-------------+-----------------+
| product_id  | name        | base_price  | tax_percentage  |
+-------------+-------------+-------------+-----------------+
| 1           | kitkat      | 0.99        | 19              |
| 2           | M&M         | 5.99        | 19              |
| 3           | milk        | 0.67        | 5               |
| 4           | Dr. Pepper  | 0.99        | 19              |
+-------------+-------------+-------------+-----------------+
#...done.
SET FOREIGN_KEY_CHECKS=1;
Test case 3 - GRID format with NAMES display
# Source on XXXX-XXXX: ... connected.
SET FOREIGN_KEY_CHECKS=0;
# Exporting metadata from util_test
# TABLES in util_test:
+-------------+
| TABLE_NAME  |
+-------------+
| t1          |
| t2          |
| t3          |
| t4          |
| t5          |
+-------------+
# FUNCTIONS in util_test:
+-------+
| NAME  |
+-------+
| f1    |
| f2    |
+-------+
# PROCEDURES in util_test:
+-------+
| NAME  |
+-------+
| p1    |
+-------+
# VIEWS in util_test:
+-------------+
| TABLE_NAME  |
+-------------+
| v2          |
| v1          |
+-------------+
# TRIGGERS in util_test:
+---------------+
| TRIGGER_NAME  |
+---------------+
| trg           |
+---------------+
# EVENTS in util_test:
+-------+
| NAME  |
+-------+
| e1    |
+-------+
# GRANTS in util_test:
+---------------------+--------------------------+---------------+-------------+--------------+---------------+
| GRANTEE             | PRIVILEGE_TYPE           | TABLE_SCHEMA  | TABLE_NAME  | COLUMN_NAME  | ROUTINE_NAME  |
+---------------------+--------------------------+---------------+-------------+--------------+---------------+
| 'joe'@'user'        | ALTER                    | util_test     | None        | None         | None          |
| 'joe'@'user'        | ALTER ROUTINE            | util_test     | None        | None         | None          |
| 'joe'@'user'        | CREATE                   | util_test     | None        | None         | None          |
| 'joe'@'user'        | CREATE ROUTINE           | util_test     | None        | None         | None          |
| 'joe'@'user'        | CREATE TEMPORARY TABLES  | util_test     | None        | None         | None          |
| 'joe'@'user'        | CREATE VIEW              | util_test     | None        | None         | None          |
| 'joe'@'user'        | DELETE                   | util_test     | None        | None         | None          |
| 'joe'@'user'        | DROP                     | util_test     | None        | None         | None          |
| 'joe'@'user'        | EVENT                    | util_test     | None        | None         | None          |
| 'joe'@'user'        | EXECUTE                  | util_test     | None        | None         | None          |
| 'joe'@'user'        | INDEX                    | util_test     | None        | None         | None          |
| 'joe'@'user'        | INSERT                   | util_test     | None        | None         | None          |
| 'joe'@'user'        | LOCK TABLES              | util_test     | None        | None         | None          |
| 'joe'@'user'        | REFERENCES               | util_test     | None        | None         | None          |
| 'joe'@'user'        | SELECT                   | util_test     | None        | None         | None          |
| 'joe'@'user'        | SHOW VIEW                | util_test     | None        | None         | None          |
| 'joe'@'user'        | TRIGGER                  | util_test     | None        | None         | None          |
| 'joe'@'user'        | UPDATE                   | util_test     | None        | None         | None          |
| 'joe_wildcard'@'%'  | ALTER                    | util_test     | None        | None         | None          |
| 'joe_wildcard'@'%'  | ALTER ROUTINE            | util_test     | None        | None         | None          |
| 'joe_wildcard'@'%'  | CREATE                   | util_test     | None        | None         | None          |
| 'joe_wildcard'@'%'  | CREATE ROUTINE           | util_test     | None        | None         | None          |
| 'joe_wildcard'@'%'  | CREATE TEMPORARY TABLES  | util_test     | None        | None         | None          |
| 'joe_wildcard'@'%'  | CREATE VIEW              | util_test     | None        | None         | None          |
| 'joe_wildcard'@'%'  | DELETE                   | util_test     | None        | None         | None          |
| 'joe_wildcard'@'%'  | DROP                     | util_test     | None        | None         | None          |
| 'joe_wildcard'@'%'  | EVENT                    | util_test     | None        | None         | None          |
| 'joe_wildcard'@'%'  | EXECUTE                  | util_test     | None        | None         | None          |
| 'joe_wildcard'@'%'  | INDEX                    | util_test     | None        | None         | None          |
| 'joe_wildcard'@'%'  | INSERT                   | util_test     | None        | None         | None          |
| 'joe_wildcard'@'%'  | LOCK TABLES              | util_test     | None        | None         | None          |
| 'joe_wildcard'@'%'  | REFERENCES               | util_test     | None        | None         | None          |
| 'joe_wildcard'@'%'  | SELECT                   | util_test     | None        | None         | None          |
| 'joe_wildcard'@'%'  | SHOW VIEW                | util_test     | None        | None         | None          |
| 'joe_wildcard'@'%'  | TRIGGER                  | util_test     | None        | None         | None          |
| 'joe_wildcard'@'%'  | UPDATE                   | util_test     | None        | None         | None          |
+---------------------+--------------------------+---------------+-------------+--------------+---------------+
#...done.
# NOTE : --display is ignored for data export.
# Exporting data from util_test
# Data for table `util_test`.`t1`:
+---------------------------------+
| a                               |
+---------------------------------+
| 01 Test Basic database example  |
| 02 Test Basic database example  |
| 03 Test Basic database example  |
| 04 Test Basic database example  |
| 05 Test Basic database example  |
| 06 Test Basic database example  |
| 07 Test Basic database example  |
+---------------------------------+
# Data for table `util_test`.`t2`:
+---------------------------------+
| a                               |
+---------------------------------+
| 11 Test Basic database example  |
| 12 Test Basic database example  |
| 13 Test Basic database example  |
| NULL                            |
+---------------------------------+
# Data for table `util_test`.`t3`:
+----+----------------+
| a  | b              |
+----+----------------+
| 1  | 14 test fkeys  |
| 2  | 15 test fkeys  |
| 3  | 16 test fkeys  |
| 4  | NULL           |
+----+----------------+
# Data for table `util_test`.`t4`:
+----+----+
| c  | d  |
+----+----+
| 3  | 2  |
+----+----+
# Data for table `util_test`.`t5`:
+-------------+-------------+-------------+-----------------+
| product_id  | name        | base_price  | tax_percentage  |
+-------------+-------------+-------------+-----------------+
| 1           | kitkat      | 0.99        | 19              |
| 2           | M&M         | 5.99        | 19              |
| 3           | milk        | 0.67        | 5               |
| 4           | Dr. Pepper  | 0.99        | 19              |
+-------------+-------------+-------------+-----------------+
#...done.
SET FOREIGN_KEY_CHECKS=1;
Test case 4 - CSV format with BRIEF display
# Source on XXXX-XXXX: ... connected.
SET FOREIGN_KEY_CHECKS=0;
# Exporting metadata from util_test
# TABLES in util_test:
TABLE_SCHEMA,TABLE_NAME,ENGINE,ORDINAL_POSITION,COLUMN_NAME,COLUMN_TYPE,IS_NULLABLE,COLUMN_DEFAULT,COLUMN_KEY,TABLE_COLLATION,CREATE_OPTIONS,CONSTRAINT_NAME,REFERENCED_TABLE_NAME,UNIQUE_CONSTRAINT_NAME,UPDATE_RULE,DELETE_RULE,KEY_CONSTRAINT_NAME,COL_NAME,REFERENCED_TABLE_SCHEMA,REFERENCED_COLUMN_NAME
`util_test`,`t1`,MEMORY,1,`a`,char(30),YES,,,latin1_swedish_ci,,,,,,,,,,
`util_test`,`t2`,MyISAM,1,`a`,char(30),YES,,,latin1_swedish_ci,,,,,,,,,,
`util_test`,`t3`,InnoDB,1,`a`,int(11),NO,,PRI,latin1_swedish_ci,,,,,,,`PRIMARY`,`a`,,
`util_test`,`t3`,InnoDB,2,`b`,varchar(30),YES,,,latin1_swedish_ci,,,,,,,`PRIMARY`,`a`,,
`util_test`,`t4`,InnoDB,1,`c`,int(11),NO,,MUL,latin1_swedish_ci,,`ref_t3`,`t3`,`PRIMARY`,RESTRICT,RESTRICT,`ref_t3`,`c`,`util_test`,`a`
`util_test`,`t4`,InnoDB,2,`d`,int(11),NO,,,latin1_swedish_ci,,`ref_t3`,`t3`,`PRIMARY`,RESTRICT,RESTRICT,`ref_t3`,`c`,`util_test`,`a`
`util_test`,`t5`,InnoDB,1,`product_id`,int(10) unsigned,NO,,PRI,latin1_swedish_ci,,,,,,,`PRIMARY`,`product_id`,,
`util_test`,`t5`,InnoDB,2,`name`,varchar(20),YES,,,latin1_swedish_ci,,,,,,,`PRIMARY`,`product_id`,,
`util_test`,`t5`,InnoDB,3,`base_price`,"decimal(20,2) unsigned",YES,,,latin1_swedish_ci,,,,,,,`PRIMARY`,`product_id`,,
`util_test`,`t5`,InnoDB,4,`tax_percentage`,"decimal(3,0) unsigned",YES,,,latin1_swedish_ci,,,,,,,`PRIMARY`,`product_id`,,
# FUNCTIONS in util_test:
NAME,LANGUAGE,SQL_DATA_ACCESS,IS_DETERMINISTIC,SECURITY_TYPE,DEFINER,PARAM_LIST,RETURNS,BODY,SQL_MODE,CHARACTER_SET_CLIENT,COLLATION_CONNECTION,DB_COLLATION
`f1`,SQL,CONTAINS_SQL,YES,DEFINER,root@localhost,,int(11),RETURN (SELECT 1),,utf8,utf8_general_ci,latin1_swedish_ci
`f2`,SQL,CONTAINS_SQL,YES,DEFINER,root@localhost,"base_price DECIMAL(20,2) UNSIGNED, tax_percentage DECIMAL(3,0) UNSIGNED","decimal(21,2) unsigned",RETURN base_price + base_price*(tax_percentage/100),,utf8,utf8_general_ci,latin1_swedish_ci
# PROCEDURES in util_test:
NAME,LANGUAGE,SQL_DATA_ACCESS,IS_DETERMINISTIC,SECURITY_TYPE,DEFINER,PARAM_LIST,RETURNS,BODY,SQL_MODE,CHARACTER_SET_CLIENT,COLLATION_CONNECTION,DB_COLLATION
`p1`,SQL,CONTAINS_SQL,NO,DEFINER,root@localhost,p1 CHAR(20),,"INSERT INTO util_test.t1 VALUES (""50"")",,utf8,utf8_general_ci,latin1_swedish_ci
# VIEWS in util_test:
TABLE_SCHEMA,TABLE_NAME,DEFINER,SECURITY_TYPE,VIEW_DEFINITION,CHECK_OPTION,IS_UPDATABLE,CHARACTER_SET_CLIENT,COLLATION_CONNECTION
`util_test`,`v2`,root@localhost,DEFINER,"select `util_test`.`t5`.`name` AS `name`,`util_test`.`f2`(`util_test`.`t5`.`base_price`,`util_test`.`t5`.`tax_percentage`) AS `price` from `util_test`.`t5`",NONE,YES,utf8,utf8_general_ci
`util_test`,`v1`,root@localhost,DEFINER,select `util_test`.`t1`.`a` AS `a` from `util_test`.`t1`,NONE,YES,utf8,utf8_general_ci
# TRIGGERS in util_test:
TRIGGER_NAME,DEFINER,EVENT_MANIPULATION,EVENT_OBJECT_SCHEMA,EVENT_OBJECT_TABLE,ACTION_ORIENTATION,ACTION_TIMING,ACTION_STATEMENT,SQL_MODE,CHARACTER_SET_CLIENT,COLLATION_CONNECTION,DATABASE_COLLATION
`trg`,root@localhost,INSERT,`util_test`,`t1`,ROW,AFTER,INSERT INTO util_test.t2 VALUES('Test objects count'),,utf8,utf8_general_ci,latin1_swedish_ci
# EVENTS in util_test:
NAME,DEFINER,BODY,STATUS,EXECUTE_AT,INTERVAL_VALUE,INTERVAL_FIELD,SQL_MODE,STARTS,ENDS,STATUS,ON_COMPLETION,ORIGINATOR,CHARACTER_SET_CLIENT,COLLATION_CONNECTION,DB_COLLATION
`e1`,root@localhost,"DELETE FROM util_test.t1 WHERE a = ""not there""",DISABLED,XXXX-XX-XX XX:XX:XX,1,YEAR,,XXXX-XX-XX XX:XX:XX,XXXX-XX-XX XX:XX:XX,DISABLED,DROP,XX,utf8,utf8_general_ci,latin1_swedish_ci
# GRANTS in util_test:
GRANTEE,PRIVILEGE_TYPE,TABLE_SCHEMA,TABLE_NAME,COLUMN_NAME,ROUTINE_NAME
'joe'@'user',ALTER,util_test,,,
'joe'@'user',ALTER ROUTINE,util_test,,,
'joe'@'user',CREATE,util_test,,,
'joe'@'user',CREATE ROUTINE,util_test,,,
'joe'@'user',CREATE TEMPORARY TABLES,util_test,,,
'joe'@'user',CREATE VIEW,util_test,,,
'joe'@'user',DELETE,util_test,,,
'joe'@'user',DROP,util_test,,,
'joe'@'user',EVENT,util_test,,,
'joe'@'user',EXECUTE,util_test,,,
'joe'@'user',INDEX,util_test,,,
'joe'@'user',INSERT,util_test,,,
'joe'@'user',LOCK TABLES,util_test,,,
'joe'@'user',REFERENCES,util_test,,,
'joe'@'user',SELECT,util_test,,,
'joe'@'user',SHOW VIEW,util_test,,,
'joe'@'user',TRIGGER,util_test,,,
'joe'@'user',UPDATE,util_test,,,
'joe_wildcard'@'%',ALTER,util_test,,,
'joe_wildcard'@'%',ALTER ROUTINE,util_test,,,
'joe_wildcard'@'%',CREATE,util_test,,,
'joe_wildcard'@'%',CREATE ROUTINE,util_test,,,
'joe_wildcard'@'%',CREATE TEMPORARY TABLES,util_test,,,
'joe_wildcard'@'%',CREATE VIEW,util_test,,,
'joe_wildcard'@'%',DELETE,util_test,,,
'joe_wildcard'@'%',DROP,util_test,,,
'joe_wildcard'@'%',EVENT,util_test,,,
'joe_wildcard'@'%',EXECUTE,util_test,,,
'joe_wildcard'@'%',INDEX,util_test,,,
'joe_wildcard'@'%',INSERT,util_test,,,
'joe_wildcard'@'%',LOCK TABLES,util_test,,,
'joe_wildcard'@'%',REFERENCES,util_test,,,
'joe_wildcard'@'%',SELECT,util_test,,,
'joe_wildcard'@'%',SHOW VIEW,util_test,,,
'joe_wildcard'@'%',TRIGGER,util_test,,,
'joe_wildcard'@'%',UPDATE,util_test,,,
#...done.
# Exporting data from util_test
# Data for table `util_test`.`t1`:
`a`
01 Test Basic database example
02 Test Basic database example
03 Test Basic database example
04 Test Basic database example
05 Test Basic database example
06 Test Basic database example
07 Test Basic database example
# Data for table `util_test`.`t2`:
`a`
11 Test Basic database example
12 Test Basic database example
13 Test Basic database example
NULL
# Data for table `util_test`.`t3`:
`a`,`b`
1,14 test fkeys
2,15 test fkeys
3,16 test fkeys
4,NULL
# Data for table `util_test`.`t4`:
`c`,`d`
3,2
# Data for table `util_test`.`t5`:
`product_id`,`name`,`base_price`,`tax_percentage`
1,kitkat,0.99,19
2,M&M,5.99,19
3,milk,0.67,5
4,Dr. Pepper,0.99,19
#...done.
SET FOREIGN_KEY_CHECKS=1;
Test case 5 - CSV format with FULL display
# Source on XXXX-XXXX: ... connected.
SET FOREIGN_KEY_CHECKS=0;
# Exporting metadata from util_test
# TABLES in util_test:
TABLE_CATALOG,TABLE_SCHEMA,TABLE_NAME,TABLE_TYPE,ENGINE,VERSION,ROW_FORMAT,TABLE_ROWS,AVG_ROW_LENGTH,DATA_LENGTH,MAX_DATA_LENGTH,INDEX_LENGTH,DATA_FREE,AUTO_INCREMENT,CREATE_TIME,UPDATE_TIME,CHECK_TIME,TABLE_COLLATION,CHECKSUM,CREATE_OPTIONS,TABLE_COMMENT,ORDINAL_POSITION,COLUMN_NAME,COLUMN_TYPE,IS_NULLABLE,COLUMN_DEFAULT,COLUMN_KEY,CONSTRAINT_NAME,REFERENCED_TABLE_NAME,UNIQUE_CONSTRAINT_NAME,UNIQUE_CONSTRAINT_SCHEMA,UPDATE_RULE,DELETE_RULE,KEY_CONSTRAINT_NAME,COL_NAME,REFERENCED_TABLE_SCHEMA,REFERENCED_COLUMN_NAME
,`util_test`,`t1`,BASE TABLE,MEMORY,10,Fixed,7,31,XXXXXXXXXX,XXXXXXXXXX,0,XXXXXXXXXX,,XXXX-XX-XX XX:XX:XX,XXXX-XX-XX XX:XX:XX,,latin1_swedish_ci,,,,1,`a`,char(30),YES,,,,,,,,,,,,
,`util_test`,`t2`,BASE TABLE,MyISAM,10,Fixed,4,31,XXXXXXXXXX,XXXXXXXXXX,1024,XXXXXXXXXX,,XXXX-XX-XX XX:XX:XX,XXXX-XX-XX XX:XX:XX,,latin1_swedish_ci,,,,1,`a`,char(30),YES,,,,,,,,,,,,
,`util_test`,`t3`,BASE TABLE,InnoDB,10,Compact,4,4096,XXXXXXXXXX,XXXXXXXXXX,0,XXXXXXXXXX,5,XXXX-XX-XX XX:XX:XX,XXXX-XX-XX XX:XX:XX,,latin1_swedish_ci,,,,1,`a`,int(11),NO,,PRI,,,,,,,`PRIMARY`,`a`,,
,`util_test`,`t3`,BASE TABLE,InnoDB,10,Compact,4,4096,XXXXXXXXXX,XXXXXXXXXX,0,XXXXXXXXXX,5,XXXX-XX-XX XX:XX:XX,XXXX-XX-XX XX:XX:XX,,latin1_swedish_ci,,,,2,`b`,varchar(30),YES,,,,,,,,,`PRIMARY`,`a`,,
,`util_test`,`t4`,BASE TABLE,InnoDB,10,Compact,1,16384,XXXXXXXXXX,XXXXXXXXXX,16384,XXXXXXXXXX,,XXXX-XX-XX XX:XX:XX,XXXX-XX-XX XX:XX:XX,,latin1_swedish_ci,,,,1,`c`,int(11),NO,,MUL,`ref_t3`,`t3`,`PRIMARY`,`util_test`,RESTRICT,RESTRICT,`ref_t3`,`c`,`util_test`,`a`
,`util_test`,`t4`,BASE TABLE,InnoDB,10,Compact,1,16384,XXXXXXXXXX,XXXXXXXXXX,16384,XXXXXXXXXX,,XXXX-XX-XX XX:XX:XX,XXXX-XX-XX XX:XX:XX,,latin1_swedish_ci,,,,2,`d`,int(11),NO,,,`ref_t3`,`t3`,`PRIMARY`,`util_test`,RESTRICT,RESTRICT,`ref_t3`,`c`,`util_test`,`a`
,`util_test`,`t5`,BASE TABLE,InnoDB,10,Compact,4,4096,XXXXXXXXXX,XXXXXXXXXX,0,XXXXXXXXXX,5,XXXX-XX-XX XX:XX:XX,XXXX-XX-XX XX:XX:XX,,latin1_swedish_ci,,,,1,`product_id`,int(10) unsigned,NO,,PRI,,,,,,,`PRIMARY`,`product_id`,,
,`util_test`,`t5`,BASE TABLE,InnoDB,10,Compact,4,4096,XXXXXXXXXX,XXXXXXXXXX,0,XXXXXXXXXX,5,XXXX-XX-XX XX:XX:XX,XXXX-XX-XX XX:XX:XX,,latin1_swedish_ci,,,,2,`name`,varchar(20),YES,,,,,,,,,`PRIMARY`,`product_id`,,
,`util_test`,`t5`,BASE TABLE,InnoDB,10,Compact,4,4096,XXXXXXXXXX,XXXXXXXXXX,0,XXXXXXXXXX,5,XXXX-XX-XX XX:XX:XX,XXXX-XX-XX XX:XX:XX,,latin1_swedish_ci,,,,3,`base_price`,"decimal(20,2) unsigned",YES,,,,,,,,,`PRIMARY`,`product_id`,,
,`util_test`,`t5`,BASE TABLE,InnoDB,10,Compact,4,4096,XXXXXXXXXX,XXXXXXXXXX,0,XXXXXXXXXX,5,XXXX-XX-XX XX:XX:XX,XXXX-XX-XX XX:XX:XX,,latin1_swedish_ci,,,,4,`tax_percentage`,"decimal(3,0) unsigned",YES,,,,,,,,,`PRIMARY`,`product_id`,,
# FUNCTIONS in util_test:
DB,NAME,TYPE,SPECIFIC_NAME,LANGUAGE,SQL_DATA_ACCESS,IS_DETERMINISTIC,SECURITY_TYPE,PARAM_LIST,RETURNS,BODY,DEFINER,CREATED,MODIFIED,SQL_MODE,COMMENT,CHARACTER_SET_CLIENT,COLLATION_CONNECTION,DB_COLLATION,BODY_UTF8
`util_test`,`f1`,FUNCTION,`f1`,SQL,CONTAINS_SQL,YES,DEFINER,,int(11),RETURN (SELECT 1),root@localhost,XXXX-XX-XX XX:XX:XX,XXXX-XX-XX XX:XX:XX,,,utf8,utf8_general_ci,latin1_swedish_ci,RETURN (SELECT 1)
`util_test`,`f2`,FUNCTION,`f2`,SQL,CONTAINS_SQL,YES,DEFINER,"base_price DECIMAL(20,2) UNSIGNED, tax_percentage DECIMAL(3,0) UNSIGNED","decimal(21,2) unsigned",RETURN base_price + base_price*(tax_percentage/100),root@localhost,XXXX-XX-XX XX:XX:XX,XXXX-XX-XX XX:XX:XX,,,utf8,utf8_general_ci,latin1_swedish_ci,RETURN base_price + base_price*(tax_percentage/100)
# PROCEDURES in util_test:
DB,NAME,TYPE,SPECIFIC_NAME,LANGUAGE,SQL_DATA_ACCESS,IS_DETERMINISTIC,SECURITY_TYPE,PARAM_LIST,RETURNS,BODY,DEFINER,CREATED,MODIFIED,SQL_MODE,COMMENT,CHARACTER_SET_CLIENT,COLLATION_CONNECTION,DB_COLLATION,BODY_UTF8
`util_test`,`p1`,PROCEDURE,`p1`,SQL,CONTAINS_SQL,NO,DEFINER,p1 CHAR(20),,"INSERT INTO util_test.t1 VALUES (""50"")",root@localhost,XXXX-XX-XX XX:XX:XX,XXXX-XX-XX XX:XX:XX,,,utf8,utf8_general_ci,latin1_swedish_ci,"INSERT INTO util_test.t1 VALUES (""50"")"
# VIEWS in util_test:
TABLE_CATALOG,TABLE_SCHEMA,TABLE_NAME,VIEW_DEFINITION,CHECK_OPTION,IS_UPDATABLE,DEFINER,SECURITY_TYPE,CHARACTER_SET_CLIENT,COLLATION_CONNECTION
,`util_test`,`v2`,"select `util_test`.`t5`.`name` AS `name`,`util_test`.`f2`(`util_test`.`t5`.`base_price`,`util_test`.`t5`.`tax_percentage`) AS `price` from `util_test`.`t5`",NONE,YES,root@localhost,DEFINER,utf8,utf8_general_ci
,`util_test`,`v1`,select `util_test`.`t1`.`a` AS `a` from `util_test`.`t1`,NONE,YES,root@localhost,DEFINER,utf8,utf8_general_ci
# TRIGGERS in util_test:
TRIGGER_CATALOG,TRIGGER_SCHEMA,TRIGGER_NAME,EVENT_MANIPULATION,EVENT_OBJECT_CATALOG,EVENT_OBJECT_SCHEMA,EVENT_OBJECT_TABLE,ACTION_ORDER,ACTION_CONDITION,ACTION_STATEMENT,ACTION_ORIENTATION,ACTION_TIMING,ACTION_REFERENCE_OLD_TABLE,ACTION_REFERENCE_NEW_TABLE,ACTION_REFERENCE_OLD_ROW,ACTION_REFERENCE_NEW_ROW,CREATED,SQL_MODE,DEFINER,CHARACTER_SET_CLIENT,COLLATION_CONNECTION,DATABASE_COLLATION
,`util_test`,`trg`,INSERT,,`util_test`,`t1`,X,,XXXXXXXXXX,XXXXXXXXXX,AFTER,XXXXXXXXXX,,XXXX-XX-XX XX:XX:XX,XXXX-XX-XX XX:XX:XX,,,root@localhost,utf8,utf8_general_ci,latin1_swedish_ci
# EVENTS in util_test:
DB,NAME,BODY,DEFINER,EXECUTE_AT,INTERVAL_VALUE,INTERVAL_FIELD,CREATED,MODIFIED,LAST_EXECUTED,STARTS,ENDS,STATUS,ON_COMPLETION,SQL_MODE,COMMENT,ORIGINATOR,TIME_ZONE,CHARACTER_SET_CLIENT,COLLATION_CONNECTION,DB_COLLATION,BODY_UTF8
`util_test`,`e1`,"DELETE FROM util_test.t1 WHERE a = ""not there""",root@localhost,,1,YEAR,XXXX-XX-XX XX:XX:XX,XXXX-XX-XX XX:XX:XX,,XXXX-XX-XX XX:XX:XX,,DISABLED,DROP,,,XX,SYSTEM,utf8,utf8_general_ci,latin1_swedish_ci,"DELETE FROM util_test.t1 WHERE a = ""not there"""
# GRANTS in util_test:
GRANTEE,PRIVILEGE_TYPE,TABLE_SCHEMA,TABLE_NAME,COLUMN_NAME,ROUTINE_NAME
'joe'@'user',ALTER,util_test,,,
'joe'@'user',ALTER ROUTINE,util_test,,,
'joe'@'user',CREATE,util_test,,,
'joe'@'user',CREATE ROUTINE,util_test,,,
'joe'@'user',CREATE TEMPORARY TABLES,util_test,,,
'joe'@'user',CREATE VIEW,util_test,,,
'joe'@'user',DELETE,util_test,,,
'joe'@'user',DROP,util_test,,,
'joe'@'user',EVENT,util_test,,,
'joe'@'user',EXECUTE,util_test,,,
'joe'@'user',INDEX,util_test,,,
'joe'@'user',INSERT,util_test,,,
'joe'@'user',LOCK TABLES,util_test,,,
'joe'@'user',REFERENCES,util_test,,,
'joe'@'user',SELECT,util_test,,,
'joe'@'user',SHOW VIEW,util_test,,,
'joe'@'user',TRIGGER,util_test,,,
'joe'@'user',UPDATE,util_test,,,
'joe_wildcard'@'%',ALTER,util_test,,,
'joe_wildcard'@'%',ALTER ROUTINE,util_test,,,
'joe_wildcard'@'%',CREATE,util_test,,,
'joe_wildcard'@'%',CREATE ROUTINE,util_test,,,
'joe_wildcard'@'%',CREATE TEMPORARY TABLES,util_test,,,
'joe_wildcard'@'%',CREATE VIEW,util_test,,,
'joe_wildcard'@'%',DELETE,util_test,,,
'joe_wildcard'@'%',DROP,util_test,,,
'joe_wildcard'@'%',EVENT,util_test,,,
'joe_wildcard'@'%',EXECUTE,util_test,,,
'joe_wildcard'@'%',INDEX,util_test,,,
'joe_wildcard'@'%',INSERT,util_test,,,
'joe_wildcard'@'%',LOCK TABLES,util_test,,,
'joe_wildcard'@'%',REFERENCES,util_test,,,
'joe_wildcard'@'%',SELECT,util_test,,,
'joe_wildcard'@'%',SHOW VIEW,util_test,,,
'joe_wildcard'@'%',TRIGGER,util_test,,,
'joe_wildcard'@'%',UPDATE,util_test,,,
#...done.
# NOTE : --display is ignored for data export.
# Exporting data from util_test
# Data for table `util_test`.`t1`:
`a`
01 Test Basic database example
02 Test Basic database example
03 Test Basic database example
04 Test Basic database example
05 Test Basic database example
06 Test Basic database example
07 Test Basic database example
# Data for table `util_test`.`t2`:
`a`
11 Test Basic database example
12 Test Basic database example
13 Test Basic database example
NULL
# Data for table `util_test`.`t3`:
`a`,`b`
1,14 test fkeys
2,15 test fkeys
3,16 test fkeys
4,NULL
# Data for table `util_test`.`t4`:
`c`,`d`
3,2
# Data for table `util_test`.`t5`:
`product_id`,`name`,`base_price`,`tax_percentage`
1,kitkat,0.99,19
2,M&M,5.99,19
3,milk,0.67,5
4,Dr. Pepper,0.99,19
#...done.
SET FOREIGN_KEY_CHECKS=1;
Test case 6 - CSV format with NAMES display
# Source on XXXX-XXXX: ... connected.
SET FOREIGN_KEY_CHECKS=0;
# Exporting metadata from util_test
# TABLES in util_test:
TABLE_NAME
`t1`
`t2`
`t3`
`t4`
`t5`
# FUNCTIONS in util_test:
NAME
`f1`
`f2`
# PROCEDURES in util_test:
NAME
`p1`
# VIEWS in util_test:
TABLE_NAME
`v2`
`v1`
# TRIGGERS in util_test:
TRIGGER_NAME
`trg`
# EVENTS in util_test:
NAME
`e1`
# GRANTS in util_test:
GRANTEE,PRIVILEGE_TYPE,TABLE_SCHEMA,TABLE_NAME,COLUMN_NAME,ROUTINE_NAME
'joe'@'user',ALTER,util_test,,,
'joe'@'user',ALTER ROUTINE,util_test,,,
'joe'@'user',CREATE,util_test,,,
'joe'@'user',CREATE ROUTINE,util_test,,,
'joe'@'user',CREATE TEMPORARY TABLES,util_test,,,
'joe'@'user',CREATE VIEW,util_test,,,
'joe'@'user',DELETE,util_test,,,
'joe'@'user',DROP,util_test,,,
'joe'@'user',EVENT,util_test,,,
'joe'@'user',EXECUTE,util_test,,,
'joe'@'user',INDEX,util_test,,,
'joe'@'user',INSERT,util_test,,,
'joe'@'user',LOCK TABLES,util_test,,,
'joe'@'user',REFERENCES,util_test,,,
'joe'@'user',SELECT,util_test,,,
'joe'@'user',SHOW VIEW,util_test,,,
'joe'@'user',TRIGGER,util_test,,,
'joe'@'user',UPDATE,util_test,,,
'joe_wildcard'@'%',ALTER,util_test,,,
'joe_wildcard'@'%',ALTER ROUTINE,util_test,,,
'joe_wildcard'@'%',CREATE,util_test,,,
'joe_wildcard'@'%',CREATE ROUTINE,util_test,,,
'joe_wildcard'@'%',CREATE TEMPORARY TABLES,util_test,,,
'joe_wildcard'@'%',CREATE VIEW,util_test,,,
'joe_wildcard'@'%',DELETE,util_test,,,
'joe_wildcard'@'%',DROP,util_test,,,
'joe_wildcard'@'%',EVENT,util_test,,,
'joe_wildcard'@'%',EXECUTE,util_test,,,
'joe_wildcard'@'%',INDEX,util_test,,,
'joe_wildcard'@'%',INSERT,util_test,,,
'joe_wildcard'@'%',LOCK TABLES,util_test,,,
'joe_wildcard'@'%',REFERENCES,util_test,,,
'joe_wildcard'@'%',SELECT,util_test,,,
'joe_wildcard'@'%',SHOW VIEW,util_test,,,
'joe_wildcard'@'%',TRIGGER,util_test,,,
'joe_wildcard'@'%',UPDATE,util_test,,,
#...done.
# NOTE : --display is ignored for data export.
# Exporting data from util_test
# Data for table `util_test`.`t1`:
`a`
01 Test Basic database example
02 Test Basic database example
03 Test Basic database example
04 Test Basic database example
05 Test Basic database example
06 Test Basic database example
07 Test Basic database example
# Data for table `util_test`.`t2`:
`a`
11 Test Basic database example
12 Test Basic database example
13 Test Basic database example
NULL
# Data for table `util_test`.`t3`:
`a`,`b`
1,14 test fkeys
2,15 test fkeys
3,16 test fkeys
4,NULL
# Data for table `util_test`.`t4`:
`c`,`d`
3,2
# Data for table `util_test`.`t5`:
`product_id`,`name`,`base_price`,`tax_percentage`
1,kitkat,0.99,19
2,M&M,5.99,19
3,milk,0.67,5
4,Dr. Pepper,0.99,19
#...done.
SET FOREIGN_KEY_CHECKS=1;
Test case 7 - TAB format with BRIEF display
# Source on XXXX-XXXX: ... connected.
SET FOREIGN_KEY_CHECKS=0;
# Exporting metadata from util_test
# TABLES in util_test:
TABLE_SCHEMA	TABLE_NAME	ENGINE	ORDINAL_POSITION	COLUMN_NAME	COLUMN_TYPE	IS_NULLABLE	COLUMN_DEFAULT	COLUMN_KEY	TABLE_COLLATION	CREATE_OPTIONS	CONSTRAINT_NAME	REFERENCED_TABLE_NAME	UNIQUE_CONSTRAINT_NAME	UPDATE_RULE	DELETE_RULE	KEY_CONSTRAINT_NAME	COL_NAME	REFERENCED_TABLE_SCHEMA	REFERENCED_COLUMN_NAME
`util_test`	`t1`	MEMORY	1	`a`	char(30)	YES			latin1_swedish_ci										
`util_test`	`t2`	MyISAM	1	`a`	char(30)	YES			latin1_swedish_ci										
`util_test`	`t3`	InnoDB	1	`a`	int(11)	NO		PRI	latin1_swedish_ci							`PRIMARY`	`a`		
`util_test`	`t3`	InnoDB	2	`b`	varchar(30)	YES			latin1_swedish_ci							`PRIMARY`	`a`		
`util_test`	`t4`	InnoDB	1	`c`	int(11)	NO		MUL	latin1_swedish_ci		`ref_t3`	`t3`	`PRIMARY`	RESTRICT	RESTRICT	`ref_t3`	`c`	`util_test`	`a`
`util_test`	`t4`	InnoDB	2	`d`	int(11)	NO			latin1_swedish_ci		`ref_t3`	`t3`	`PRIMARY`	RESTRICT	RESTRICT	`ref_t3`	`c`	`util_test`	`a`
`util_test`	`t5`	InnoDB	1	`product_id`	int(10) unsigned	NO		PRI	latin1_swedish_ci							`PRIMARY`	`product_id`		
`util_test`	`t5`	InnoDB	2	`name`	varchar(20)	YES			latin1_swedish_ci							`PRIMARY`	`product_id`		
`util_test`	`t5`	InnoDB	3	`base_price`	decimal(20,2) unsigned	YES			latin1_swedish_ci							`PRIMARY`	`product_id`		
`util_test`	`t5`	InnoDB	4	`tax_percentage`	decimal(3,0) unsigned	YES			latin1_swedish_ci							`PRIMARY`	`product_id`		
# FUNCTIONS in util_test:
NAME	LANGUAGE	SQL_DATA_ACCESS	IS_DETERMINISTIC	SECURITY_TYPE	DEFINER	PARAM_LIST	RETURNS	BODY	SQL_MODE	CHARACTER_SET_CLIENT	COLLATION_CONNECTION	DB_COLLATION
`f1`	SQL	CONTAINS_SQL	YES	DEFINER	root@localhost		int(11)	RETURN (SELECT 1)		utf8	utf8_general_ci	latin1_swedish_ci
`f2`	SQL	CONTAINS_SQL	YES	DEFINER	root@localhost	base_price DECIMAL(20,2) UNSIGNED, tax_percentage DECIMAL(3,0) UNSIGNED	decimal(21,2) unsigned	RETURN base_price + base_price*(tax_percentage/100)		utf8	utf8_general_ci	latin1_swedish_ci
# PROCEDURES in util_test:
NAME	LANGUAGE	SQL_DATA_ACCESS	IS_DETERMINISTIC	SECURITY_TYPE	DEFINER	PARAM_LIST	RETURNS	BODY	SQL_MODE	CHARACTER_SET_CLIENT	COLLATION_CONNECTION	DB_COLLATION
`p1`	SQL	CONTAINS_SQL	NO	DEFINER	root@localhost	p1 CHAR(20)		"INSERT INTO util_test.t1 VALUES (""50"")"		utf8	utf8_general_ci	latin1_swedish_ci
# VIEWS in util_test:
TABLE_SCHEMA	TABLE_NAME	DEFINER	SECURITY_TYPE	VIEW_DEFINITION	CHECK_OPTION	IS_UPDATABLE	CHARACTER_SET_CLIENT	COLLATION_CONNECTION
`util_test`	`v2`	root@localhost	DEFINER	select `util_test`.`t5`.`name` AS `name`,`util_test`.`f2`(`util_test`.`t5`.`base_price`,`util_test`.`t5`.`tax_percentage`) AS `price` from `util_test`.`t5`	NONE	YES	utf8	utf8_general_ci
`util_test`	`v1`	root@localhost	DEFINER	select `util_test`.`t1`.`a` AS `a` from `util_test`.`t1`	NONE	YES	utf8	utf8_general_ci
# TRIGGERS in util_test:
TRIGGER_NAME	DEFINER	EVENT_MANIPULATION	EVENT_OBJECT_SCHEMA	EVENT_OBJECT_TABLE	ACTION_ORIENTATION	ACTION_TIMING	ACTION_STATEMENT	SQL_MODE	CHARACTER_SET_CLIENT	COLLATION_CONNECTION	DATABASE_COLLATION
`trg`	root@localhost	INSERT	`util_test`	`t1`	ROW	AFTER	INSERT INTO util_test.t2 VALUES('Test objects count')		utf8	utf8_general_ci	latin1_swedish_ci
# EVENTS in util_test:
NAME	DEFINER	BODY	STATUS	EXECUTE_AT	INTERVAL_VALUE	INTERVAL_FIELD	SQL_MODE	STARTS	ENDS	STATUS	ON_COMPLETION	ORIGINATOR	CHARACTER_SET_CLIENT	COLLATION_CONNECTION	DB_COLLATION
`e1`	root@localhost	"DELETE FROM util_test.t1 WHERE a = ""not there"""	DISABLED	XXXX-XX-XX XX:XX:XX	1	YEAR		XXXX-XX-XX XX:XX:XX	XXXX-XX-XX XX:XX:XX	DISABLED	DROP	XX	utf8	utf8_general_ci	latin1_swedish_ci
# GRANTS in util_test:
GRANTEE	PRIVILEGE_TYPE	TABLE_SCHEMA	TABLE_NAME	COLUMN_NAME	ROUTINE_NAME
'joe'@'user'	ALTER	util_test			
'joe'@'user'	ALTER ROUTINE	util_test			
'joe'@'user'	CREATE	util_test			
'joe'@'user'	CREATE ROUTINE	util_test			
'joe'@'user'	CREATE TEMPORARY TABLES	util_test			
'joe'@'user'	CREATE VIEW	util_test			
'joe'@'user'	DELETE	util_test			
'joe'@'user'	DROP	util_test			
'joe'@'user'	EVENT	util_test			
'joe'@'user'	EXECUTE	util_test			
'joe'@'user'	INDEX	util_test			
'joe'@'user'	INSERT	util_test			
'joe'@'user'	LOCK TABLES	util_test			
'joe'@'user'	REFERENCES	util_test			
'joe'@'user'	SELECT	util_test			
'joe'@'user'	SHOW VIEW	util_test			
'joe'@'user'	TRIGGER	util_test			
'joe'@'user'	UPDATE	util_test			
'joe_wildcard'@'%'	ALTER	util_test			
'joe_wildcard'@'%'	ALTER ROUTINE	util_test			
'joe_wildcard'@'%'	CREATE	util_test			
'joe_wildcard'@'%'	CREATE ROUTINE	util_test			
'joe_wildcard'@'%'	CREATE TEMPORARY TABLES	util_test			
'joe_wildcard'@'%'	CREATE VIEW	util_test			
'joe_wildcard'@'%'	DELETE	util_test			
'joe_wildcard'@'%'	DROP	util_test			
'joe_wildcard'@'%'	EVENT	util_test			
'joe_wildcard'@'%'	EXECUTE	util_test			
'joe_wildcard'@'%'	INDEX	util_test			
'joe_wildcard'@'%'	INSERT	util_test			
'joe_wildcard'@'%'	LOCK TABLES	util_test			
'joe_wildcard'@'%'	REFERENCES	util_test			
'joe_wildcard'@'%'	SELECT	util_test			
'joe_wildcard'@'%'	SHOW VIEW	util_test			
'joe_wildcard'@'%'	TRIGGER	util_test			
'joe_wildcard'@'%'	UPDATE	util_test			
#...done.
# Exporting data from util_test
# Data for table `util_test`.`t1`:
`a`
01 Test Basic database example
02 Test Basic database example
03 Test Basic database example
04 Test Basic database example
05 Test Basic database example
06 Test Basic database example
07 Test Basic database example
# Data for table `util_test`.`t2`:
`a`
11 Test Basic database example
12 Test Basic database example
13 Test Basic database example
NULL
# Data for table `util_test`.`t3`:
`a`	`b`
1	14 test fkeys
2	15 test fkeys
3	16 test fkeys
4	NULL
# Data for table `util_test`.`t4`:
`c`	`d`
3	2
# Data for table `util_test`.`t5`:
`product_id`	`name`	`base_price`	`tax_percentage`
1	kitkat	0.99	19
2	M&M	5.99	19
3	milk	0.67	5
4	Dr. Pepper	0.99	19
#...done.
SET FOREIGN_KEY_CHECKS=1;
Test case 8 - TAB format with FULL display
# Source on XXXX-XXXX: ... connected.
SET FOREIGN_KEY_CHECKS=0;
# Exporting metadata from util_test
# TABLES in util_test:
TABLE_CATALOG	TABLE_SCHEMA	TABLE_NAME	TABLE_TYPE	ENGINE	VERSION	ROW_FORMAT	TABLE_ROWS	AVG_ROW_LENGTH	DATA_LENGTH	MAX_DATA_LENGTH	INDEX_LENGTH	DATA_FREE	AUTO_INCREMENT	CREATE_TIME	UPDATE_TIME	CHECK_TIME	TABLE_COLLATION	CHECKSUM	CREATE_OPTIONS	TABLE_COMMENT	ORDINAL_POSITION	COLUMN_NAME	COLUMN_TYPE	IS_NULLABLE	COLUMN_DEFAULT	COLUMN_KEY	CONSTRAINT_NAME	REFERENCED_TABLE_NAME	UNIQUE_CONSTRAINT_NAME	UNIQUE_CONSTRAINT_SCHEMA	UPDATE_RULE	DELETE_RULE	KEY_CONSTRAINT_NAME	COL_NAME	REFERENCED_TABLE_SCHEMA	REFERENCED_COLUMN_NAME
	`util_test`	`t1`	BASE TABLE	MEMORY	10	Fixed	7	31	XXXXXX	XXXXXXXX	0	XX		XXXX-XX-XX XX:XX:XX	XXXX-XX-XX XX:XX:XX		latin1_swedish_ci				1	`a`	char(30)	YES												
	`util_test`	`t2`	BASE TABLE	MyISAM	10	Fixed	4	31	XXXXXX	XXXXXXXX	1024	XX		XXXX-XX-XX XX:XX:XX	XXXX-XX-XX XX:XX:XX		latin1_swedish_ci				1	`a`	char(30)	YES												
	`util_test`	`t3`	BASE TABLE	InnoDB	10	Compact	4	4096	XXXXXX	XXXXXXXX	0	XX	5	XXXX-XX-XX XX:XX:XX	XXXX-XX-XX XX:XX:XX		latin1_swedish_ci				1	`a`	int(11)	NO		PRI							`PRIMARY`	`a`		
	`util_test`	`t3`	BASE TABLE	InnoDB	10	Compact	4	4096	XXXXXX	XXXXXXXX	0	XX	5	XXXX-XX-XX XX:XX:XX	XXXX-XX-XX XX:XX:XX		latin1_swedish_ci				2	`b`	varchar(30)	YES									`PRIMARY`	`a`		
	`util_test`	`t4`	BASE TABLE	InnoDB	10	Compact	1	16384	XXXXXX	XXXXXXXX	16384	XX		XXXX-XX-XX XX:XX:XX	XXXX-XX-XX XX:XX:XX		latin1_swedish_ci				1	`c`	int(11)	NO		MUL	`ref_t3`	`t3`	`PRIMARY`	`util_test`	RESTRICT	RESTRICT	`ref_t3`	`c`	`util_test`	`a`
	`util_test`	`t4`	BASE TABLE	InnoDB	10	Compact	1	16384	XXXXXX	XXXXXXXX	16384	XX		XXXX-XX-XX XX:XX:XX	XXXX-XX-XX XX:XX:XX		latin1_swedish_ci				2	`d`	int(11)	NO			`ref_t3`	`t3`	`PRIMARY`	`util_test`	RESTRICT	RESTRICT	`ref_t3`	`c`	`util_test`	`a`
	`util_test`	`t5`	BASE TABLE	InnoDB	10	Compact	4	4096	XXXXXX	XXXXXXXX	0	XX	5	XXXX-XX-XX XX:XX:XX	XXXX-XX-XX XX:XX:XX		latin1_swedish_ci				1	`product_id`	int(10) unsigned	NO		PRI							`PRIMARY`	`product_id`		
	`util_test`	`t5`	BASE TABLE	InnoDB	10	Compact	4	4096	XXXXXX	XXXXXXXX	0	XX	5	XXXX-XX-XX XX:XX:XX	XXXX-XX-XX XX:XX:XX		latin1_swedish_ci				2	`name`	varchar(20)	YES									`PRIMARY`	`product_id`		
	`util_test`	`t5`	BASE TABLE	InnoDB	10	Compact	4	4096	XXXXXX	XXXXXXXX	0	XX	5	XXXX-XX-XX XX:XX:XX	XXXX-XX-XX XX:XX:XX		latin1_swedish_ci				3	`base_price`	decimal(20,2) unsigned	YES									`PRIMARY`	`product_id`		
	`util_test`	`t5`	BASE TABLE	InnoDB	10	Compact	4	4096	XXXXXX	XXXXXXXX	0	XX	5	XXXX-XX-XX XX:XX:XX	XXXX-XX-XX XX:XX:XX		latin1_swedish_ci				4	`tax_percentage`	decimal(3,0) unsigned	YES									`PRIMARY`	`product_id`		
# FUNCTIONS in util_test:
DB	NAME	TYPE	SPECIFIC_NAME	LANGUAGE	SQL_DATA_ACCESS	IS_DETERMINISTIC	SECURITY_TYPE	PARAM_LIST	RETURNS	BODY	DEFINER	CREATED	MODIFIED	SQL_MODE	COMMENT	CHARACTER_SET_CLIENT	COLLATION_CONNECTION	DB_COLLATION	BODY_UTF8
`util_test`	`f1`	FUNCTION	`f1`	SQL	CONTAINS_SQL	YES	DEFINER		int(11)	RETURN (SELECT 1)	root@localhost	XXXX-XX-XX XX:XX:XX	XXXX-XX-XX XX:XX:XX			utf8	utf8_general_ci	latin1_swedish_ci	RETURN (SELECT 1)
`util_test`	`f2`	FUNCTION	`f2`	SQL	CONTAINS_SQL	YES	DEFINER	base_price DECIMAL(20,2) UNSIGNED, tax_percentage DECIMAL(3,0) UNSIGNED	decimal(21,2) unsigned	RETURN base_price + base_price*(tax_percentage/100)	root@localhost	XXXX-XX-XX XX:XX:XX	XXXX-XX-XX XX:XX:XX			utf8	utf8_general_ci	latin1_swedish_ci	RETURN base_price + base_price*(tax_percentage/100)
# PROCEDURES in util_test:
DB	NAME	TYPE	SPECIFIC_NAME	LANGUAGE	SQL_DATA_ACCESS	IS_DETERMINISTIC	SECURITY_TYPE	PARAM_LIST	RETURNS	BODY	DEFINER	CREATED	MODIFIED	SQL_MODE	COMMENT	CHARACTER_SET_CLIENT	COLLATION_CONNECTION	DB_COLLATION	BODY_UTF8
`util_test`	`p1`	PROCEDURE	`p1`	SQL	CONTAINS_SQL	NO	DEFINER	p1 CHAR(20)		"INSERT INTO util_test.t1 VALUES (""50"")"	root@localhost	XXXX-XX-XX XX:XX:XX	XXXX-XX-XX XX:XX:XX			utf8	utf8_general_ci	latin1_swedish_ci	"INSERT INTO util_test.t1 VALUES (""50"")"
# VIEWS in util_test:
TABLE_CATALOG	TABLE_SCHEMA	TABLE_NAME	VIEW_DEFINITION	CHECK_OPTION	IS_UPDATABLE	DEFINER	SECURITY_TYPE	CHARACTER_SET_CLIENT	COLLATION_CONNECTION
	`util_test`	`v2`	select `util_test`.`t5`.`name` AS `name`,`util_test`.`f2`(`util_test`.`t5`.`base_price`,`util_test`.`t5`.`tax_percentage`) AS `price` from `util_test`.`t5`	NONE	YES	root@localhost	DEFINER	utf8	utf8_general_ci
	`util_test`	`v1`	select `util_test`.`t1`.`a` AS `a` from `util_test`.`t1`	NONE	YES	root@localhost	DEFINER	utf8	utf8_general_ci
# TRIGGERS in util_test:
TRIGGER_CATALOG	TRIGGER_SCHEMA	TRIGGER_NAME	EVENT_MANIPULATION	EVENT_OBJECT_CATALOG	EVENT_OBJECT_SCHEMA	EVENT_OBJECT_TABLE	ACTION_ORDER	ACTION_CONDITION	ACTION_STATEMENT	ACTION_ORIENTATION	ACTION_TIMING	ACTION_REFERENCE_OLD_TABLE	ACTION_REFERENCE_NEW_TABLE	ACTION_REFERENCE_OLD_ROW	ACTION_REFERENCE_NEW_ROW	CREATED	SQL_MODE	DEFINER	CHARACTER_SET_CLIENT	COLLATION_CONNECTION	DATABASE_COLLATION
	`util_test`	`trg`	INSERT		`util_test`	`t1`	1		XXXXXX	XXXXXXXX	AFTER	XX		XXXX-XX-XX XX:XX:XX	XXXX-XX-XX XX:XX:XX	XXXX-XX-XX XX:XX:XX		root@localhost	utf8	utf8_general_ci	latin1_swedish_ci
# EVENTS in util_test:
DB	NAME	BODY	DEFINER	EXECUTE_AT	INTERVAL_VALUE	INTERVAL_FIELD	CREATED	MODIFIED	LAST_EXECUTED	STARTS	ENDS	STATUS	ON_COMPLETION	SQL_MODE	COMMENT	ORIGINATOR	TIME_ZONE	CHARACTER_SET_CLIENT	COLLATION_CONNECTION	DB_COLLATION	BODY_UTF8
`util_test`	`e1`	"DELETE FROM util_test.t1 WHERE a = ""not there"""	root@localhost		1	YEAR	XXXX-XX-XX XX:XX:XX	XXXX-XX-XX XX:XX:XX		XXXX-XX-XX XX:XX:XX		DISABLED	DROP			XX	SYSTEM	utf8	utf8_general_ci	latin1_swedish_ci	"DELETE FROM util_test.t1 WHERE a = ""not there"""
# GRANTS in util_test:
GRANTEE	PRIVILEGE_TYPE	TABLE_SCHEMA	TABLE_NAME	COLUMN_NAME	ROUTINE_NAME
'joe'@'user'	ALTER	util_test			
'joe'@'user'	ALTER ROUTINE	util_test			
'joe'@'user'	CREATE	util_test			
'joe'@'user'	CREATE ROUTINE	util_test			
'joe'@'user'	CREATE TEMPORARY TABLES	util_test			
'joe'@'user'	CREATE VIEW	util_test			
'joe'@'user'	DELETE	util_test			
'joe'@'user'	DROP	util_test			
'joe'@'user'	EVENT	util_test			
'joe'@'user'	EXECUTE	util_test			
'joe'@'user'	INDEX	util_test			
'joe'@'user'	INSERT	util_test			
'joe'@'user'	LOCK TABLES	util_test			
'joe'@'user'	REFERENCES	util_test			
'joe'@'user'	SELECT	util_test			
'joe'@'user'	SHOW VIEW	util_test			
'joe'@'user'	TRIGGER	util_test			
'joe'@'user'	UPDATE	util_test			
'joe_wildcard'@'%'	ALTER	util_test			
'joe_wildcard'@'%'	ALTER ROUTINE	util_test			
'joe_wildcard'@'%'	CREATE	util_test			
'joe_wildcard'@'%'	CREATE ROUTINE	util_test			
'joe_wildcard'@'%'	CREATE TEMPORARY TABLES	util_test			
'joe_wildcard'@'%'	CREATE VIEW	util_test			
'joe_wildcard'@'%'	DELETE	util_test			
'joe_wildcard'@'%'	DROP	util_test			
'joe_wildcard'@'%'	EVENT	util_test			
'joe_wildcard'@'%'	EXECUTE	util_test			
'joe_wildcard'@'%'	INDEX	util_test			
'joe_wildcard'@'%'	INSERT	util_test			
'joe_wildcard'@'%'	LOCK TABLES	util_test			
'joe_wildcard'@'%'	REFERENCES	util_test			
'joe_wildcard'@'%'	SELECT	util_test			
'joe_wildcard'@'%'	SHOW VIEW	util_test			
'joe_wildcard'@'%'	TRIGGER	util_test			
'joe_wildcard'@'%'	UPDATE	util_test			
#...done.
# NOTE : --display is ignored for data export.
# Exporting data from util_test
# Data for table `util_test`.`t1`:
`a`
01 Test Basic database example
02 Test Basic database example
03 Test Basic database example
04 Test Basic database example
05 Test Basic database example
06 Test Basic database example
07 Test Basic database example
# Data for table `util_test`.`t2`:
`a`
11 Test Basic database example
12 Test Basic database example
13 Test Basic database example
NULL
# Data for table `util_test`.`t3`:
`a`	`b`
1	14 test fkeys
2	15 test fkeys
3	16 test fkeys
4	NULL
# Data for table `util_test`.`t4`:
`c`	`d`
3	2
# Data for table `util_test`.`t5`:
`product_id`	`name`	`base_price`	`tax_percentage`
1	kitkat	0.99	19
2	M&M	5.99	19
3	milk	0.67	5
4	Dr. Pepper	0.99	19
#...done.
SET FOREIGN_KEY_CHECKS=1;
Test case 9 - TAB format with NAMES display
# Source on XXXX-XXXX: ... connected.
SET FOREIGN_KEY_CHECKS=0;
# Exporting metadata from util_test
# TABLES in util_test:
TABLE_NAME
`t1`
`t2`
`t3`
`t4`
`t5`
# FUNCTIONS in util_test:
NAME
`f1`
`f2`
# PROCEDURES in util_test:
NAME
`p1`
# VIEWS in util_test:
TABLE_NAME
`v2`
`v1`
# TRIGGERS in util_test:
TRIGGER_NAME
`trg`
# EVENTS in util_test:
NAME
`e1`
# GRANTS in util_test:
GRANTEE	PRIVILEGE_TYPE	TABLE_SCHEMA	TABLE_NAME	COLUMN_NAME	ROUTINE_NAME
'joe'@'user'	ALTER	util_test			
'joe'@'user'	ALTER ROUTINE	util_test			
'joe'@'user'	CREATE	util_test			
'joe'@'user'	CREATE ROUTINE	util_test			
'joe'@'user'	CREATE TEMPORARY TABLES	util_test			
'joe'@'user'	CREATE VIEW	util_test			
'joe'@'user'	DELETE	util_test			
'joe'@'user'	DROP	util_test			
'joe'@'user'	EVENT	util_test			
'joe'@'user'	EXECUTE	util_test			
'joe'@'user'	INDEX	util_test			
'joe'@'user'	INSERT	util_test			
'joe'@'user'	LOCK TABLES	util_test			
'joe'@'user'	REFERENCES	util_test			
'joe'@'user'	SELECT	util_test			
'joe'@'user'	SHOW VIEW	util_test			
'joe'@'user'	TRIGGER	util_test			
'joe'@'user'	UPDATE	util_test			
'joe_wildcard'@'%'	ALTER	util_test			
'joe_wildcard'@'%'	ALTER ROUTINE	util_test			
'joe_wildcard'@'%'	CREATE	util_test			
'joe_wildcard'@'%'	CREATE ROUTINE	util_test			
'joe_wildcard'@'%'	CREATE TEMPORARY TABLES	util_test			
'joe_wildcard'@'%'	CREATE VIEW	util_test			
'joe_wildcard'@'%'	DELETE	util_test			
'joe_wildcard'@'%'	DROP	util_test			
'joe_wildcard'@'%'	EVENT	util_test			
'joe_wildcard'@'%'	EXECUTE	util_test			
'joe_wildcard'@'%'	INDEX	util_test			
'joe_wildcard'@'%'	INSERT	util_test			
'joe_wildcard'@'%'	LOCK TABLES	util_test			
'joe_wildcard'@'%'	REFERENCES	util_test			
'joe_wildcard'@'%'	SELECT	util_test			
'joe_wildcard'@'%'	SHOW VIEW	util_test			
'joe_wildcard'@'%'	TRIGGER	util_test			
'joe_wildcard'@'%'	UPDATE	util_test			
#...done.
# NOTE : --display is ignored for data export.
# Exporting data from util_test
# Data for table `util_test`.`t1`:
`a`
01 Test Basic database example
02 Test Basic database example
03 Test Basic database example
04 Test Basic database example
05 Test Basic database example
06 Test Basic database example
07 Test Basic database example
# Data for table `util_test`.`t2`:
`a`
11 Test Basic database example
12 Test Basic database example
13 Test Basic database example
NULL
# Data for table `util_test`.`t3`:
`a`	`b`
1	14 test fkeys
2	15 test fkeys
3	16 test fkeys
4	NULL
# Data for table `util_test`.`t4`:
`c`	`d`
3	2
# Data for table `util_test`.`t5`:
`product_id`	`name`	`base_price`	`tax_percentage`
1	kitkat	0.99	19
2	M&M	5.99	19
3	milk	0.67	5
4	Dr. Pepper	0.99	19
#...done.
SET FOREIGN_KEY_CHECKS=1;
Test case 10 - VERTICAL format with BRIEF display
# Source on XXXX-XXXX: ... connected.
SET FOREIGN_KEY_CHECKS=0;
# Exporting metadata from util_test
# TABLES in util_test:
*************************       1. row *************************
            TABLE_SCHEMA: util_test
              TABLE_NAME: t1
                  ENGINE: MEMORY
        ORDINAL_POSITION: 1
             COLUMN_NAME: a
             COLUMN_TYPE: char(30)
             IS_NULLABLE: YES
          COLUMN_DEFAULT: None
              COLUMN_KEY: 
         TABLE_COLLATION: latin1_swedish_ci
          CREATE_OPTIONS: 
         CONSTRAINT_NAME: None
   REFERENCED_TABLE_NAME: None
  UNIQUE_CONSTRAINT_NAME: None
             UPDATE_RULE: None
             DELETE_RULE: None
     KEY_CONSTRAINT_NAME: None
                COL_NAME: None
 REFERENCED_TABLE_SCHEMA: None
  REFERENCED_COLUMN_NAME: None
*************************       2. row *************************
            TABLE_SCHEMA: util_test
              TABLE_NAME: t2
                  ENGINE: MyISAM
        ORDINAL_POSITION: 1
             COLUMN_NAME: a
             COLUMN_TYPE: char(30)
             IS_NULLABLE: YES
          COLUMN_DEFAULT: None
              COLUMN_KEY: 
         TABLE_COLLATION: latin1_swedish_ci
          CREATE_OPTIONS: 
         CONSTRAINT_NAME: None
   REFERENCED_TABLE_NAME: None
  UNIQUE_CONSTRAINT_NAME: None
             UPDATE_RULE: None
             DELETE_RULE: None
     KEY_CONSTRAINT_NAME: None
                COL_NAME: None
 REFERENCED_TABLE_SCHEMA: None
  REFERENCED_COLUMN_NAME: None
*************************       3. row *************************
            TABLE_SCHEMA: util_test
              TABLE_NAME: t3
                  ENGINE: InnoDB
        ORDINAL_POSITION: 1
             COLUMN_NAME: a
             COLUMN_TYPE: int(11)
             IS_NULLABLE: NO
          COLUMN_DEFAULT: None
              COLUMN_KEY: PRI
         TABLE_COLLATION: latin1_swedish_ci
          CREATE_OPTIONS: 
         CONSTRAINT_NAME: None
   REFERENCED_TABLE_NAME: None
  UNIQUE_CONSTRAINT_NAME: None
             UPDATE_RULE: None
             DELETE_RULE: None
     KEY_CONSTRAINT_NAME: PRIMARY
                COL_NAME: a
 REFERENCED_TABLE_SCHEMA: None
  REFERENCED_COLUMN_NAME: None
*************************       4. row *************************
            TABLE_SCHEMA: util_test
              TABLE_NAME: t3
                  ENGINE: InnoDB
        ORDINAL_POSITION: 2
             COLUMN_NAME: b
             COLUMN_TYPE: varchar(30)
             IS_NULLABLE: YES
          COLUMN_DEFAULT: None
              COLUMN_KEY: 
         TABLE_COLLATION: latin1_swedish_ci
          CREATE_OPTIONS: 
         CONSTRAINT_NAME: None
   REFERENCED_TABLE_NAME: None
  UNIQUE_CONSTRAINT_NAME: None
             UPDATE_RULE: None
             DELETE_RULE: None
     KEY_CONSTRAINT_NAME: PRIMARY
                COL_NAME: a
 REFERENCED_TABLE_SCHEMA: None
  REFERENCED_COLUMN_NAME: None
*************************       5. row *************************
            TABLE_SCHEMA: util_test
              TABLE_NAME: t4
                  ENGINE: InnoDB
        ORDINAL_POSITION: 1
             COLUMN_NAME: c
             COLUMN_TYPE: int(11)
             IS_NULLABLE: NO
          COLUMN_DEFAULT: None
              COLUMN_KEY: MUL
         TABLE_COLLATION: latin1_swedish_ci
          CREATE_OPTIONS: 
         CONSTRAINT_NAME: ref_t3
   REFERENCED_TABLE_NAME: t3
  UNIQUE_CONSTRAINT_NAME: PRIMARY
             UPDATE_RULE: RESTRICT
             DELETE_RULE: RESTRICT
     KEY_CONSTRAINT_NAME: ref_t3
                COL_NAME: c
 REFERENCED_TABLE_SCHEMA: util_test
  REFERENCED_COLUMN_NAME: a
*************************       6. row *************************
            TABLE_SCHEMA: util_test
              TABLE_NAME: t4
                  ENGINE: InnoDB
        ORDINAL_POSITION: 2
             COLUMN_NAME: d
             COLUMN_TYPE: int(11)
             IS_NULLABLE: NO
          COLUMN_DEFAULT: None
              COLUMN_KEY: 
         TABLE_COLLATION: latin1_swedish_ci
          CREATE_OPTIONS: 
         CONSTRAINT_NAME: ref_t3
   REFERENCED_TABLE_NAME: t3
  UNIQUE_CONSTRAINT_NAME: PRIMARY
             UPDATE_RULE: RESTRICT
             DELETE_RULE: RESTRICT
     KEY_CONSTRAINT_NAME: ref_t3
                COL_NAME: c
 REFERENCED_TABLE_SCHEMA: util_test
  REFERENCED_COLUMN_NAME: a
*************************       7. row *************************
            TABLE_SCHEMA: util_test
              TABLE_NAME: t5
                  ENGINE: InnoDB
        ORDINAL_POSITION: 1
             COLUMN_NAME: product_id
             COLUMN_TYPE: int(10) unsigned
             IS_NULLABLE: NO
          COLUMN_DEFAULT: None
              COLUMN_KEY: PRI
         TABLE_COLLATION: latin1_swedish_ci
          CREATE_OPTIONS: 
         CONSTRAINT_NAME: None
   REFERENCED_TABLE_NAME: None
  UNIQUE_CONSTRAINT_NAME: None
             UPDATE_RULE: None
             DELETE_RULE: None
     KEY_CONSTRAINT_NAME: PRIMARY
                COL_NAME: product_id
 REFERENCED_TABLE_SCHEMA: None
  REFERENCED_COLUMN_NAME: None
*************************       8. row *************************
            TABLE_SCHEMA: util_test
              TABLE_NAME: t5
                  ENGINE: InnoDB
        ORDINAL_POSITION: 2
             COLUMN_NAME: name
             COLUMN_TYPE: varchar(20)
             IS_NULLABLE: YES
          COLUMN_DEFAULT: None
              COLUMN_KEY: 
         TABLE_COLLATION: latin1_swedish_ci
          CREATE_OPTIONS: 
         CONSTRAINT_NAME: None
   REFERENCED_TABLE_NAME: None
  UNIQUE_CONSTRAINT_NAME: None
             UPDATE_RULE: None
             DELETE_RULE: None
     KEY_CONSTRAINT_NAME: PRIMARY
                COL_NAME: product_id
 REFERENCED_TABLE_SCHEMA: None
  REFERENCED_COLUMN_NAME: None
*************************       9. row *************************
            TABLE_SCHEMA: util_test
              TABLE_NAME: t5
                  ENGINE: InnoDB
        ORDINAL_POSITION: 3
             COLUMN_NAME: base_price
             COLUMN_TYPE: decimal(20,2) unsigned
             IS_NULLABLE: YES
          COLUMN_DEFAULT: None
              COLUMN_KEY: 
         TABLE_COLLATION: latin1_swedish_ci
          CREATE_OPTIONS: 
         CONSTRAINT_NAME: None
   REFERENCED_TABLE_NAME: None
  UNIQUE_CONSTRAINT_NAME: None
             UPDATE_RULE: None
             DELETE_RULE: None
     KEY_CONSTRAINT_NAME: PRIMARY
                COL_NAME: product_id
 REFERENCED_TABLE_SCHEMA: None
  REFERENCED_COLUMN_NAME: None
*************************      10. row *************************
            TABLE_SCHEMA: util_test
              TABLE_NAME: t5
                  ENGINE: InnoDB
        ORDINAL_POSITION: 4
             COLUMN_NAME: tax_percentage
             COLUMN_TYPE: decimal(3,0) unsigned
             IS_NULLABLE: YES
          COLUMN_DEFAULT: None
              COLUMN_KEY: 
         TABLE_COLLATION: latin1_swedish_ci
          CREATE_OPTIONS: 
         CONSTRAINT_NAME: None
   REFERENCED_TABLE_NAME: None
  UNIQUE_CONSTRAINT_NAME: None
             UPDATE_RULE: None
             DELETE_RULE: None
     KEY_CONSTRAINT_NAME: PRIMARY
                COL_NAME: product_id
 REFERENCED_TABLE_SCHEMA: None
  REFERENCED_COLUMN_NAME: None
10 rows.
# FUNCTIONS in util_test:
*************************       1. row *************************
                 NAME: f1
             LANGUAGE: SQL
      SQL_DATA_ACCESS: CONTAINS_SQL
     IS_DETERMINISTIC: YES
        SECURITY_TYPE: DEFINER
              DEFINER: root@localhost
           PARAM_LIST: 
              RETURNS: int(11)
                 BODY: RETURN (SELECT 1)
             SQL_MODE: 
 CHARACTER_SET_CLIENT: utf8
 COLLATION_CONNECTION: utf8_general_ci
         DB_COLLATION: latin1_swedish_ci
*************************       2. row *************************
                 NAME: f2
             LANGUAGE: SQL
      SQL_DATA_ACCESS: CONTAINS_SQL
     IS_DETERMINISTIC: YES
        SECURITY_TYPE: DEFINER
              DEFINER: root@localhost
           PARAM_LIST: base_price DECIMAL(20,2) UNSIGNED, tax_percentage DECIMAL(3,0) UNSIGNED
              RETURNS: decimal(21,2) unsigned
                 BODY: RETURN base_price + base_price*(tax_percentage/100)
             SQL_MODE: 
 CHARACTER_SET_CLIENT: utf8
 COLLATION_CONNECTION: utf8_general_ci
         DB_COLLATION: latin1_swedish_ci
2 rows.
# PROCEDURES in util_test:
*************************       1. row *************************
                 NAME: p1
             LANGUAGE: SQL
      SQL_DATA_ACCESS: CONTAINS_SQL
     IS_DETERMINISTIC: NO
        SECURITY_TYPE: DEFINER
              DEFINER: root@localhost
           PARAM_LIST: p1 CHAR(20)
              RETURNS: 
                 BODY: INSERT INTO util_test.t1 VALUES ("50")
             SQL_MODE: 
 CHARACTER_SET_CLIENT: utf8
 COLLATION_CONNECTION: utf8_general_ci
         DB_COLLATION: latin1_swedish_ci
1 row.
# VIEWS in util_test:
*************************       1. row *************************
         TABLE_SCHEMA: util_test
           TABLE_NAME: v2
              DEFINER: root@localhost
        SECURITY_TYPE: DEFINER
      VIEW_DEFINITION: select `util_test`.`t5`.`name` AS `name`,`util_test`.`f2`(`util_test`.`t5`.`base_price`,`util_test`.`t5`.`tax_percentage`) AS `price` from `util_test`.`t5`
         CHECK_OPTION: NONE
         IS_UPDATABLE: YES
 CHARACTER_SET_CLIENT: utf8
 COLLATION_CONNECTION: utf8_general_ci
*************************       2. row *************************
         TABLE_SCHEMA: util_test
           TABLE_NAME: v1
              DEFINER: root@localhost
        SECURITY_TYPE: DEFINER
      VIEW_DEFINITION: select `util_test`.`t1`.`a` AS `a` from `util_test`.`t1`
         CHECK_OPTION: NONE
         IS_UPDATABLE: YES
 CHARACTER_SET_CLIENT: utf8
 COLLATION_CONNECTION: utf8_general_ci
2 rows.
# TRIGGERS in util_test:
*************************       1. row *************************
         TRIGGER_NAME: trg
              DEFINER: root@localhost
   EVENT_MANIPULATION: INSERT
  EVENT_OBJECT_SCHEMA: util_test
   EVENT_OBJECT_TABLE: t1
   ACTION_ORIENTATION: ROW
        ACTION_TIMING: AFTER
     ACTION_STATEMENT: INSERT INTO util_test.t2 VALUES('Test objects count')
             SQL_MODE: 
 CHARACTER_SET_CLIENT: utf8
 COLLATION_CONNECTION: utf8_general_ci
   DATABASE_COLLATION: latin1_swedish_ci
1 row.
# EVENTS in util_test:
*************************       1. row *************************
                 NAME: e1
              DEFINER: root@localhost
                 BODY: DELETE FROM util_test.t1 WHERE a = "not there"
               STATUS: DISABLED
           EXECUTE_AT: None
       INTERVAL_VALUE: 1
       INTERVAL_FIELD: YEAR
             SQL_MODE: 
               STARTS: XXXX-XX-XX XX:XX:XX
                 ENDS: XXXX-XX-XX XX:XX:XX
               STATUS: DISABLED
        ON_COMPLETION: DROP
           ORIGINATOR: XX
 CHARACTER_SET_CLIENT: utf8
 COLLATION_CONNECTION: utf8_general_ci
         DB_COLLATION: latin1_swedish_ci
1 row.
# GRANTS in util_test:
*************************       1. row *************************
        GRANTEE: 'joe'@'user'
 PRIVILEGE_TYPE: ALTER
   TABLE_SCHEMA: util_test
     TABLE_NAME: None
    COLUMN_NAME: None
   ROUTINE_NAME: None
*************************       2. row *************************
        GRANTEE: 'joe'@'user'
 PRIVILEGE_TYPE: ALTER ROUTINE
   TABLE_SCHEMA: util_test
     TABLE_NAME: None
    COLUMN_NAME: None
   ROUTINE_NAME: None
*************************       3. row *************************
        GRANTEE: 'joe'@'user'
 PRIVILEGE_TYPE: CREATE
   TABLE_SCHEMA: util_test
     TABLE_NAME: None
    COLUMN_NAME: None
   ROUTINE_NAME: None
*************************       4. row *************************
        GRANTEE: 'joe'@'user'
 PRIVILEGE_TYPE: CREATE ROUTINE
   TABLE_SCHEMA: util_test
     TABLE_NAME: None
    COLUMN_NAME: None
   ROUTINE_NAME: None
*************************       5. row *************************
        GRANTEE: 'joe'@'user'
 PRIVILEGE_TYPE: CREATE TEMPORARY TABLES
   TABLE_SCHEMA: util_test
     TABLE_NAME: None
    COLUMN_NAME: None
   ROUTINE_NAME: None
*************************       6. row *************************
        GRANTEE: 'joe'@'user'
 PRIVILEGE_TYPE: CREATE VIEW
   TABLE_SCHEMA: util_test
     TABLE_NAME: None
    COLUMN_NAME: None
   ROUTINE_NAME: None
*************************       7. row *************************
        GRANTEE: 'joe'@'user'
 PRIVILEGE_TYPE: DELETE
   TABLE_SCHEMA: util_test
     TABLE_NAME: None
    COLUMN_NAME: None
   ROUTINE_NAME: None
*************************       8. row *************************
        GRANTEE: 'joe'@'user'
 PRIVILEGE_TYPE: DROP
   TABLE_SCHEMA: util_test
     TABLE_NAME: None
    COLUMN_NAME: None
   ROUTINE_NAME: None
*************************       9. row *************************
        GRANTEE: 'joe'@'user'
 PRIVILEGE_TYPE: EVENT
   TABLE_SCHEMA: util_test
     TABLE_NAME: None
    COLUMN_NAME: None
   ROUTINE_NAME: None
*************************      10. row *************************
        GRANTEE: 'joe'@'user'
 PRIVILEGE_TYPE: EXECUTE
   TABLE_SCHEMA: util_test
     TABLE_NAME: None
    COLUMN_NAME: None
   ROUTINE_NAME: None
*************************      11. row *************************
        GRANTEE: 'joe'@'user'
 PRIVILEGE_TYPE: INDEX
   TABLE_SCHEMA: util_test
     TABLE_NAME: None
    COLUMN_NAME: None
   ROUTINE_NAME: None
*************************      12. row *************************
        GRANTEE: 'joe'@'user'
 PRIVILEGE_TYPE: INSERT
   TABLE_SCHEMA: util_test
     TABLE_NAME: None
    COLUMN_NAME: None
   ROUTINE_NAME: None
*************************      13. row *************************
        GRANTEE: 'joe'@'user'
 PRIVILEGE_TYPE: LOCK TABLES
   TABLE_SCHEMA: util_test
     TABLE_NAME: None
    COLUMN_NAME: None
   ROUTINE_NAME: None
*************************      14. row *************************
        GRANTEE: 'joe'@'user'
 PRIVILEGE_TYPE: REFERENCES
   TABLE_SCHEMA: util_test
     TABLE_NAME: None
    COLUMN_NAME: None
   ROUTINE_NAME: None
*************************      15. row *************************
        GRANTEE: 'joe'@'user'
 PRIVILEGE_TYPE: SELECT
   TABLE_SCHEMA: util_test
     TABLE_NAME: None
    COLUMN_NAME: None
   ROUTINE_NAME: None
*************************      16. row *************************
        GRANTEE: 'joe'@'user'
 PRIVILEGE_TYPE: SHOW VIEW
   TABLE_SCHEMA: util_test
     TABLE_NAME: None
    COLUMN_NAME: None
   ROUTINE_NAME: None
*************************      17. row *************************
        GRANTEE: 'joe'@'user'
 PRIVILEGE_TYPE: TRIGGER
   TABLE_SCHEMA: util_test
     TABLE_NAME: None
    COLUMN_NAME: None
   ROUTINE_NAME: None
*************************      18. row *************************
        GRANTEE: 'joe'@'user'
 PRIVILEGE_TYPE: UPDATE
   TABLE_SCHEMA: util_test
     TABLE_NAME: None
    COLUMN_NAME: None
   ROUTINE_NAME: None
*************************      19. row *************************
        GRANTEE: 'joe_wildcard'@'%'
 PRIVILEGE_TYPE: ALTER
   TABLE_SCHEMA: util_test
     TABLE_NAME: None
    COLUMN_NAME: None
   ROUTINE_NAME: None
*************************      20. row *************************
        GRANTEE: 'joe_wildcard'@'%'
 PRIVILEGE_TYPE: ALTER ROUTINE
   TABLE_SCHEMA: util_test
     TABLE_NAME: None
    COLUMN_NAME: None
   ROUTINE_NAME: None
*************************      21. row *************************
        GRANTEE: 'joe_wildcard'@'%'
 PRIVILEGE_TYPE: CREATE
   TABLE_SCHEMA: util_test
     TABLE_NAME: None
    COLUMN_NAME: None
   ROUTINE_NAME: None
*************************      22. row *************************
        GRANTEE: 'joe_wildcard'@'%'
 PRIVILEGE_TYPE: CREATE ROUTINE
   TABLE_SCHEMA: util_test
     TABLE_NAME: None
    COLUMN_NAME: None
   ROUTINE_NAME: None
*************************      23. row *************************
        GRANTEE: 'joe_wildcard'@'%'
 PRIVILEGE_TYPE: CREATE TEMPORARY TABLES
   TABLE_SCHEMA: util_test
     TABLE_NAME: None
    COLUMN_NAME: None
   ROUTINE_NAME: None
*************************      24. row *************************
        GRANTEE: 'joe_wildcard'@'%'
 PRIVILEGE_TYPE: CREATE VIEW
   TABLE_SCHEMA: util_test
     TABLE_NAME: None
    COLUMN_NAME: None
   ROUTINE_NAME: None
*************************      25. row *************************
        GRANTEE: 'joe_wildcard'@'%'
 PRIVILEGE_TYPE: DELETE
   TABLE_SCHEMA: util_test
     TABLE_NAME: None
    COLUMN_NAME: None
   ROUTINE_NAME: None
*************************      26. row *************************
        GRANTEE: 'joe_wildcard'@'%'
 PRIVILEGE_TYPE: DROP
   TABLE_SCHEMA: util_test
     TABLE_NAME: None
    COLUMN_NAME: None
   ROUTINE_NAME: None
*************************      27. row *************************
        GRANTEE: 'joe_wildcard'@'%'
 PRIVILEGE_TYPE: EVENT
   TABLE_SCHEMA: util_test
     TABLE_NAME: None
    COLUMN_NAME: None
   ROUTINE_NAME: None
*************************      28. row *************************
        GRANTEE: 'joe_wildcard'@'%'
 PRIVILEGE_TYPE: EXECUTE
   TABLE_SCHEMA: util_test
     TABLE_NAME: None
    COLUMN_NAME: None
   ROUTINE_NAME: None
*************************      29. row *************************
        GRANTEE: 'joe_wildcard'@'%'
 PRIVILEGE_TYPE: INDEX
   TABLE_SCHEMA: util_test
     TABLE_NAME: None
    COLUMN_NAME: None
   ROUTINE_NAME: None
*************************      30. row *************************
        GRANTEE: 'joe_wildcard'@'%'
 PRIVILEGE_TYPE: INSERT
   TABLE_SCHEMA: util_test
     TABLE_NAME: None
    COLUMN_NAME: None
   ROUTINE_NAME: None
*************************      31. row *************************
        GRANTEE: 'joe_wildcard'@'%'
 PRIVILEGE_TYPE: LOCK TABLES
   TABLE_SCHEMA: util_test
     TABLE_NAME: None
    COLUMN_NAME: None
   ROUTINE_NAME: None
*************************      32. row *************************
        GRANTEE: 'joe_wildcard'@'%'
 PRIVILEGE_TYPE: REFERENCES
   TABLE_SCHEMA: util_test
     TABLE_NAME: None
    COLUMN_NAME: None
   ROUTINE_NAME: None
*************************      33. row *************************
        GRANTEE: 'joe_wildcard'@'%'
 PRIVILEGE_TYPE: SELECT
   TABLE_SCHEMA: util_test
     TABLE_NAME: None
    COLUMN_NAME: None
   ROUTINE_NAME: None
*************************      34. row *************************
        GRANTEE: 'joe_wildcard'@'%'
 PRIVILEGE_TYPE: SHOW VIEW
   TABLE_SCHEMA: util_test
     TABLE_NAME: None
    COLUMN_NAME: None
   ROUTINE_NAME: None
*************************      35. row *************************
        GRANTEE: 'joe_wildcard'@'%'
 PRIVILEGE_TYPE: TRIGGER
   TABLE_SCHEMA: util_test
     TABLE_NAME: None
    COLUMN_NAME: None
   ROUTINE_NAME: None
*************************      36. row *************************
        GRANTEE: 'joe_wildcard'@'%'
 PRIVILEGE_TYPE: UPDATE
   TABLE_SCHEMA: util_test
     TABLE_NAME: None
    COLUMN_NAME: None
   ROUTINE_NAME: None
36 rows.
#...done.
# Exporting data from util_test
# Data for table `util_test`.`t1`:
*************************       1. row *************************
 a: 01 Test Basic database example
*************************       2. row *************************
 a: 02 Test Basic database example
*************************       3. row *************************
 a: 03 Test Basic database example
*************************       4. row *************************
 a: 04 Test Basic database example
*************************       5. row *************************
 a: 05 Test Basic database example
*************************       6. row *************************
 a: 06 Test Basic database example
*************************       7. row *************************
 a: 07 Test Basic database example
7 rows.
# Data for table `util_test`.`t2`:
*************************       1. row *************************
 a: 11 Test Basic database example
*************************       2. row *************************
 a: 12 Test Basic database example
*************************       3. row *************************
 a: 13 Test Basic database example
*************************       4. row *************************
 a: NULL
4 rows.
# Data for table `util_test`.`t3`:
*************************       1. row *************************
 a: 1
 b: 14 test fkeys
*************************       2. row *************************
 a: 2
 b: 15 test fkeys
*************************       3. row *************************
 a: 3
 b: 16 test fkeys
*************************       4. row *************************
 a: 4
 b: NULL
4 rows.
# Data for table `util_test`.`t4`:
*************************       1. row *************************
 c: 3
 d: 2
1 row.
# Data for table `util_test`.`t5`:
*************************       1. row *************************
     product_id: 1
           name: kitkat
     base_price: 0.99
 tax_percentage: 19
*************************       2. row *************************
     product_id: 2
           name: M&M
     base_price: 5.99
 tax_percentage: 19
*************************       3. row *************************
     product_id: 3
           name: milk
     base_price: 0.67
 tax_percentage: 5
*************************       4. row *************************
     product_id: 4
           name: Dr. Pepper
     base_price: 0.99
 tax_percentage: 19
4 rows.
#...done.
SET FOREIGN_KEY_CHECKS=1;
Test case 11 - VERTICAL format with FULL display
# Source on XXXX-XXXX: ... connected.
SET FOREIGN_KEY_CHECKS=0;
# Exporting metadata from util_test
# TABLES in util_test:
*************************       1. row *************************
            TABLE_CATALOG: None
             TABLE_SCHEMA: util_test
               TABLE_NAME: t1
               TABLE_TYPE: BASE TABLE
                   ENGINE: MEMORY
                  VERSION: 10
               ROW_FORMAT: Fixed
               TABLE_ROWS: 7
           AVG_ROW_LENGTH: XXXXXXX
              DATA_LENGTH: XXXXXXX
          MAX_DATA_LENGTH: XXXXXXX
             INDEX_LENGTH: XXXXXXX
                DATA_FREE: XXXXXXXXXXX
           AUTO_INCREMENT: None
              CREATE_TIME: XXXX-XX-XX XX:XX:XX
              UPDATE_TIME: XXXX-XX-XX XX:XX:XX
               CHECK_TIME: None
          TABLE_COLLATION: latin1_swedish_ci
                 CHECKSUM: None
           CREATE_OPTIONS: 
            TABLE_COMMENT: 
         ORDINAL_POSITION: 1
              COLUMN_NAME: a
              COLUMN_TYPE: char(30)
              IS_NULLABLE: YES
           COLUMN_DEFAULT: None
               COLUMN_KEY: 
          CONSTRAINT_NAME: None
    REFERENCED_TABLE_NAME: None
   UNIQUE_CONSTRAINT_NAME: None
 UNIQUE_CONSTRAINT_SCHEMA: None
              UPDATE_RULE: None
              DELETE_RULE: None
      KEY_CONSTRAINT_NAME: None
                 COL_NAME: None
  REFERENCED_TABLE_SCHEMA: None
   REFERENCED_COLUMN_NAME: None
*************************       2. row *************************
            TABLE_CATALOG: None
             TABLE_SCHEMA: util_test
               TABLE_NAME: t2
               TABLE_TYPE: BASE TABLE
                   ENGINE: MyISAM
                  VERSION: 10
               ROW_FORMAT: Fixed
               TABLE_ROWS: 4
           AVG_ROW_LENGTH: XXXXXXX
              DATA_LENGTH: XXXXXXX
          MAX_DATA_LENGTH: XXXXXXX
             INDEX_LENGTH: XXXXXXX
                DATA_FREE: XXXXXXXXXXX
           AUTO_INCREMENT: None
              CREATE_TIME: XXXX-XX-XX XX:XX:XX
              UPDATE_TIME: XXXX-XX-XX XX:XX:XX
               CHECK_TIME: None
          TABLE_COLLATION: latin1_swedish_ci
                 CHECKSUM: None
           CREATE_OPTIONS: 
            TABLE_COMMENT: 
         ORDINAL_POSITION: 1
              COLUMN_NAME: a
              COLUMN_TYPE: char(30)
              IS_NULLABLE: YES
           COLUMN_DEFAULT: None
               COLUMN_KEY: 
          CONSTRAINT_NAME: None
    REFERENCED_TABLE_NAME: None
   UNIQUE_CONSTRAINT_NAME: None
 UNIQUE_CONSTRAINT_SCHEMA: None
              UPDATE_RULE: None
              DELETE_RULE: None
      KEY_CONSTRAINT_NAME: None
                 COL_NAME: None
  REFERENCED_TABLE_SCHEMA: None
   REFERENCED_COLUMN_NAME: None
*************************       3. row *************************
            TABLE_CATALOG: None
             TABLE_SCHEMA: util_test
               TABLE_NAME: t3
               TABLE_TYPE: BASE TABLE
                   ENGINE: InnoDB
                  VERSION: 10
               ROW_FORMAT: Compact
               TABLE_ROWS: 4
           AVG_ROW_LENGTH: XXXXXXX
              DATA_LENGTH: XXXXXXX
          MAX_DATA_LENGTH: XXXXXXX
             INDEX_LENGTH: XXXXXXX
                DATA_FREE: XXXXXXXXXXX
           AUTO_INCREMENT: 5
              CREATE_TIME: XXXX-XX-XX XX:XX:XX
              UPDATE_TIME: XXXX-XX-XX XX:XX:XX
               CHECK_TIME: None
          TABLE_COLLATION: latin1_swedish_ci
                 CHECKSUM: None
           CREATE_OPTIONS: 
            TABLE_COMMENT: 
         ORDINAL_POSITION: 1
              COLUMN_NAME: a
              COLUMN_TYPE: int(11)
              IS_NULLABLE: NO
           COLUMN_DEFAULT: None
               COLUMN_KEY: PRI
          CONSTRAINT_NAME: None
    REFERENCED_TABLE_NAME: None
   UNIQUE_CONSTRAINT_NAME: None
 UNIQUE_CONSTRAINT_SCHEMA: None
              UPDATE_RULE: None
              DELETE_RULE: None
      KEY_CONSTRAINT_NAME: PRIMARY
                 COL_NAME: a
  REFERENCED_TABLE_SCHEMA: None
   REFERENCED_COLUMN_NAME: None
*************************       4. row *************************
            TABLE_CATALOG: None
             TABLE_SCHEMA: util_test
               TABLE_NAME: t3
               TABLE_TYPE: BASE TABLE
                   ENGINE: InnoDB
                  VERSION: 10
               ROW_FORMAT: Compact
               TABLE_ROWS: 4
           AVG_ROW_LENGTH: XXXXXXX
              DATA_LENGTH: XXXXXXX
          MAX_DATA_LENGTH: XXXXXXX
             INDEX_LENGTH: XXXXXXX
                DATA_FREE: XXXXXXXXXXX
           AUTO_INCREMENT: 5
              CREATE_TIME: XXXX-XX-XX XX:XX:XX
              UPDATE_TIME: XXXX-XX-XX XX:XX:XX
               CHECK_TIME: None
          TABLE_COLLATION: latin1_swedish_ci
                 CHECKSUM: None
           CREATE_OPTIONS: 
            TABLE_COMMENT: 
         ORDINAL_POSITION: 2
              COLUMN_NAME: b
              COLUMN_TYPE: varchar(30)
              IS_NULLABLE: YES
           COLUMN_DEFAULT: None
               COLUMN_KEY: 
          CONSTRAINT_NAME: None
    REFERENCED_TABLE_NAME: None
   UNIQUE_CONSTRAINT_NAME: None
 UNIQUE_CONSTRAINT_SCHEMA: None
              UPDATE_RULE: None
              DELETE_RULE: None
      KEY_CONSTRAINT_NAME: PRIMARY
                 COL_NAME: a
  REFERENCED_TABLE_SCHEMA: None
   REFERENCED_COLUMN_NAME: None
*************************       5. row *************************
            TABLE_CATALOG: None
             TABLE_SCHEMA: util_test
               TABLE_NAME: t4
               TABLE_TYPE: BASE TABLE
                   ENGINE: InnoDB
                  VERSION: 10
               ROW_FORMAT: Compact
               TABLE_ROWS: 1
           AVG_ROW_LENGTH: XXXXXXX
              DATA_LENGTH: XXXXXXX
          MAX_DATA_LENGTH: XXXXXXX
             INDEX_LENGTH: XXXXXXX
                DATA_FREE: XXXXXXXXXXX
           AUTO_INCREMENT: None
              CREATE_TIME: XXXX-XX-XX XX:XX:XX
              UPDATE_TIME: XXXX-XX-XX XX:XX:XX
               CHECK_TIME: None
          TABLE_COLLATION: latin1_swedish_ci
                 CHECKSUM: None
           CREATE_OPTIONS: 
            TABLE_COMMENT: 
         ORDINAL_POSITION: 1
              COLUMN_NAME: c
              COLUMN_TYPE: int(11)
              IS_NULLABLE: NO
           COLUMN_DEFAULT: None
               COLUMN_KEY: MUL
          CONSTRAINT_NAME: ref_t3
    REFERENCED_TABLE_NAME: t3
   UNIQUE_CONSTRAINT_NAME: PRIMARY
 UNIQUE_CONSTRAINT_SCHEMA: util_test
              UPDATE_RULE: RESTRICT
              DELETE_RULE: RESTRICT
      KEY_CONSTRAINT_NAME: ref_t3
                 COL_NAME: c
  REFERENCED_TABLE_SCHEMA: util_test
   REFERENCED_COLUMN_NAME: a
*************************       6. row *************************
            TABLE_CATALOG: None
             TABLE_SCHEMA: util_test
               TABLE_NAME: t4
               TABLE_TYPE: BASE TABLE
                   ENGINE: InnoDB
                  VERSION: 10
               ROW_FORMAT: Compact
               TABLE_ROWS: 1
           AVG_ROW_LENGTH: XXXXXXX
              DATA_LENGTH: XXXXXXX
          MAX_DATA_LENGTH: XXXXXXX
             INDEX_LENGTH: XXXXXXX
                DATA_FREE: XXXXXXXXXXX
           AUTO_INCREMENT: None
              CREATE_TIME: XXXX-XX-XX XX:XX:XX
              UPDATE_TIME: XXXX-XX-XX XX:XX:XX
               CHECK_TIME: None
          TABLE_COLLATION: latin1_swedish_ci
                 CHECKSUM: None
           CREATE_OPTIONS: 
            TABLE_COMMENT: 
         ORDINAL_POSITION: 2
              COLUMN_NAME: d
              COLUMN_TYPE: int(11)
              IS_NULLABLE: NO
           COLUMN_DEFAULT: None
               COLUMN_KEY: 
          CONSTRAINT_NAME: ref_t3
    REFERENCED_TABLE_NAME: t3
   UNIQUE_CONSTRAINT_NAME: PRIMARY
 UNIQUE_CONSTRAINT_SCHEMA: util_test
              UPDATE_RULE: RESTRICT
              DELETE_RULE: RESTRICT
      KEY_CONSTRAINT_NAME: ref_t3
                 COL_NAME: c
  REFERENCED_TABLE_SCHEMA: util_test
   REFERENCED_COLUMN_NAME: a
*************************       7. row *************************
            TABLE_CATALOG: None
             TABLE_SCHEMA: util_test
               TABLE_NAME: t5
               TABLE_TYPE: BASE TABLE
                   ENGINE: InnoDB
                  VERSION: 10
               ROW_FORMAT: Compact
               TABLE_ROWS: 4
           AVG_ROW_LENGTH: XXXXXXX
              DATA_LENGTH: XXXXXXX
          MAX_DATA_LENGTH: XXXXXXX
             INDEX_LENGTH: XXXXXXX
                DATA_FREE: XXXXXXXXXXX
           AUTO_INCREMENT: 5
              CREATE_TIME: XXXX-XX-XX XX:XX:XX
              UPDATE_TIME: XXXX-XX-XX XX:XX:XX
               CHECK_TIME: None
          TABLE_COLLATION: latin1_swedish_ci
                 CHECKSUM: None
           CREATE_OPTIONS: 
            TABLE_COMMENT: 
         ORDINAL_POSITION: 1
              COLUMN_NAME: product_id
              COLUMN_TYPE: int(10) unsigned
              IS_NULLABLE: NO
           COLUMN_DEFAULT: None
               COLUMN_KEY: PRI
          CONSTRAINT_NAME: None
    REFERENCED_TABLE_NAME: None
   UNIQUE_CONSTRAINT_NAME: None
 UNIQUE_CONSTRAINT_SCHEMA: None
              UPDATE_RULE: None
              DELETE_RULE: None
      KEY_CONSTRAINT_NAME: PRIMARY
                 COL_NAME: product_id
  REFERENCED_TABLE_SCHEMA: None
   REFERENCED_COLUMN_NAME: None
*************************       8. row *************************
            TABLE_CATALOG: None
             TABLE_SCHEMA: util_test
               TABLE_NAME: t5
               TABLE_TYPE: BASE TABLE
                   ENGINE: InnoDB
                  VERSION: 10
               ROW_FORMAT: Compact
               TABLE_ROWS: 4
           AVG_ROW_LENGTH: XXXXXXX
              DATA_LENGTH: XXXXXXX
          MAX_DATA_LENGTH: XXXXXXX
             INDEX_LENGTH: XXXXXXX
                DATA_FREE: XXXXXXXXXXX
           AUTO_INCREMENT: 5
              CREATE_TIME: XXXX-XX-XX XX:XX:XX
              UPDATE_TIME: XXXX-XX-XX XX:XX:XX
               CHECK_TIME: None
          TABLE_COLLATION: latin1_swedish_ci
                 CHECKSUM: None
           CREATE_OPTIONS: 
            TABLE_COMMENT: 
         ORDINAL_POSITION: 2
              COLUMN_NAME: name
              COLUMN_TYPE: varchar(20)
              IS_NULLABLE: YES
           COLUMN_DEFAULT: None
               COLUMN_KEY: 
          CONSTRAINT_NAME: None
    REFERENCED_TABLE_NAME: None
   UNIQUE_CONSTRAINT_NAME: None
 UNIQUE_CONSTRAINT_SCHEMA: None
              UPDATE_RULE: None
              DELETE_RULE: None
      KEY_CONSTRAINT_NAME: PRIMARY
                 COL_NAME: product_id
  REFERENCED_TABLE_SCHEMA: None
   REFERENCED_COLUMN_NAME: None
*************************       9. row *************************
            TABLE_CATALOG: None
             TABLE_SCHEMA: util_test
               TABLE_NAME: t5
               TABLE_TYPE: BASE TABLE
                   ENGINE: InnoDB
                  VERSION: 10
               ROW_FORMAT: Compact
               TABLE_ROWS: 4
           AVG_ROW_LENGTH: XXXXXXX
              DATA_LENGTH: XXXXXXX
          MAX_DATA_LENGTH: XXXXXXX
             INDEX_LENGTH: XXXXXXX
                DATA_FREE: XXXXXXXXXXX
           AUTO_INCREMENT: 5
              CREATE_TIME: XXXX-XX-XX XX:XX:XX
              UPDATE_TIME: XXXX-XX-XX XX:XX:XX
               CHECK_TIME: None
          TABLE_COLLATION: latin1_swedish_ci
                 CHECKSUM: None
           CREATE_OPTIONS: 
            TABLE_COMMENT: 
         ORDINAL_POSITION: 3
              COLUMN_NAME: base_price
              COLUMN_TYPE: decimal(20,2) unsigned
              IS_NULLABLE: YES
           COLUMN_DEFAULT: None
               COLUMN_KEY: 
          CONSTRAINT_NAME: None
    REFERENCED_TABLE_NAME: None
   UNIQUE_CONSTRAINT_NAME: None
 UNIQUE_CONSTRAINT_SCHEMA: None
              UPDATE_RULE: None
              DELETE_RULE: None
      KEY_CONSTRAINT_NAME: PRIMARY
                 COL_NAME: product_id
  REFERENCED_TABLE_SCHEMA: None
   REFERENCED_COLUMN_NAME: None
*************************      10. row *************************
            TABLE_CATALOG: None
             TABLE_SCHEMA: util_test
               TABLE_NAME: t5
               TABLE_TYPE: BASE TABLE
                   ENGINE: InnoDB
                  VERSION: 10
               ROW_FORMAT: Compact
               TABLE_ROWS: 4
           AVG_ROW_LENGTH: XXXXXXX
              DATA_LENGTH: XXXXXXX
          MAX_DATA_LENGTH: XXXXXXX
             INDEX_LENGTH: XXXXXXX
                DATA_FREE: XXXXXXXXXXX
           AUTO_INCREMENT: 5
              CREATE_TIME: XXXX-XX-XX XX:XX:XX
              UPDATE_TIME: XXXX-XX-XX XX:XX:XX
               CHECK_TIME: None
          TABLE_COLLATION: latin1_swedish_ci
                 CHECKSUM: None
           CREATE_OPTIONS: 
            TABLE_COMMENT: 
         ORDINAL_POSITION: 4
              COLUMN_NAME: tax_percentage
              COLUMN_TYPE: decimal(3,0) unsigned
              IS_NULLABLE: YES
           COLUMN_DEFAULT: None
               COLUMN_KEY: 
          CONSTRAINT_NAME: None
    REFERENCED_TABLE_NAME: None
   UNIQUE_CONSTRAINT_NAME: None
 UNIQUE_CONSTRAINT_SCHEMA: None
              UPDATE_RULE: None
              DELETE_RULE: None
      KEY_CONSTRAINT_NAME: PRIMARY
                 COL_NAME: product_id
  REFERENCED_TABLE_SCHEMA: None
   REFERENCED_COLUMN_NAME: None
10 rows.
# FUNCTIONS in util_test:
*************************       1. row *************************
                   DB: util_test
                 NAME: f1
                 TYPE: FUNCTION
        SPECIFIC_NAME: f1
             LANGUAGE: SQL
      SQL_DATA_ACCESS: CONTAINS_SQL
     IS_DETERMINISTIC: YES
        SECURITY_TYPE: DEFINER
           PARAM_LIST: 
              RETURNS: int(11)
                 BODY: RETURN (SELECT 1)
              DEFINER: root@localhost
              CREATED: XXXX-XX-XX XX:XX:XX
             MODIFIED: XXXX-XX-XX XX:XX:XX
             SQL_MODE: 
              COMMENT: 
 CHARACTER_SET_CLIENT: utf8
 COLLATION_CONNECTION: utf8_general_ci
         DB_COLLATION: latin1_swedish_ci
            BODY_UTF8: RETURN (SELECT 1)
*************************       2. row *************************
                   DB: util_test
                 NAME: f2
                 TYPE: FUNCTION
        SPECIFIC_NAME: f2
             LANGUAGE: SQL
      SQL_DATA_ACCESS: CONTAINS_SQL
     IS_DETERMINISTIC: YES
        SECURITY_TYPE: DEFINER
           PARAM_LIST: base_price DECIMAL(20,2) UNSIGNED, tax_percentage DECIMAL(3,0) UNSIGNED
              RETURNS: decimal(21,2) unsigned
                 BODY: RETURN base_price + base_price*(tax_percentage/100)
              DEFINER: root@localhost
              CREATED: XXXX-XX-XX XX:XX:XX
             MODIFIED: XXXX-XX-XX XX:XX:XX
             SQL_MODE: 
              COMMENT: 
 CHARACTER_SET_CLIENT: utf8
 COLLATION_CONNECTION: utf8_general_ci
         DB_COLLATION: latin1_swedish_ci
            BODY_UTF8: RETURN base_price + base_price*(tax_percentage/100)
2 rows.
# PROCEDURES in util_test:
*************************       1. row *************************
                   DB: util_test
                 NAME: p1
                 TYPE: PROCEDURE
        SPECIFIC_NAME: p1
             LANGUAGE: SQL
      SQL_DATA_ACCESS: CONTAINS_SQL
     IS_DETERMINISTIC: NO
        SECURITY_TYPE: DEFINER
           PARAM_LIST: p1 CHAR(20)
              RETURNS: 
                 BODY: INSERT INTO util_test.t1 VALUES ("50")
              DEFINER: root@localhost
              CREATED: XXXX-XX-XX XX:XX:XX
             MODIFIED: XXXX-XX-XX XX:XX:XX
             SQL_MODE: 
              COMMENT: 
 CHARACTER_SET_CLIENT: utf8
 COLLATION_CONNECTION: utf8_general_ci
         DB_COLLATION: latin1_swedish_ci
            BODY_UTF8: INSERT INTO util_test.t1 VALUES ("50")
1 row.
# VIEWS in util_test:
*************************       1. row *************************
        TABLE_CATALOG: None
         TABLE_SCHEMA: util_test
           TABLE_NAME: v2
      VIEW_DEFINITION: select `util_test`.`t5`.`name` AS `name`,`util_test`.`f2`(`util_test`.`t5`.`base_price`,`util_test`.`t5`.`tax_percentage`) AS `price` from `util_test`.`t5`
         CHECK_OPTION: NONE
         IS_UPDATABLE: YES
              DEFINER: root@localhost
        SECURITY_TYPE: DEFINER
 CHARACTER_SET_CLIENT: utf8
 COLLATION_CONNECTION: utf8_general_ci
*************************       2. row *************************
        TABLE_CATALOG: None
         TABLE_SCHEMA: util_test
           TABLE_NAME: v1
      VIEW_DEFINITION: select `util_test`.`t1`.`a` AS `a` from `util_test`.`t1`
         CHECK_OPTION: NONE
         IS_UPDATABLE: YES
              DEFINER: root@localhost
        SECURITY_TYPE: DEFINER
 CHARACTER_SET_CLIENT: utf8
 COLLATION_CONNECTION: utf8_general_ci
2 rows.
# TRIGGERS in util_test:
*************************       1. row *************************
            TRIGGER_CATALOG: None
             TRIGGER_SCHEMA: util_test
               TRIGGER_NAME: trg
         EVENT_MANIPULATION: INSERT
       EVENT_OBJECT_CATALOG: None
        EVENT_OBJECT_SCHEMA: util_test
         EVENT_OBJECT_TABLE: t1
               ACTION_ORDER: X
           ACTION_CONDITION: None
           ACTION_STATEMENT: INSERT INTO util_test.t2 VALUES('Test objects count')
         ACTION_ORIENTATION: ROW
              ACTION_TIMING: AFTER
 ACTION_REFERENCE_OLD_TABLE: None
 ACTION_REFERENCE_NEW_TABLE: None
   ACTION_REFERENCE_OLD_ROW: OLD
   ACTION_REFERENCE_NEW_ROW: NEW
                    CREATED: XXXX-XX-XX XX:XX:XX
                   SQL_MODE: 
                    DEFINER: root@localhost
       CHARACTER_SET_CLIENT: utf8
       COLLATION_CONNECTION: utf8_general_ci
         DATABASE_COLLATION: latin1_swedish_ci
1 row.
# EVENTS in util_test:
*************************       1. row *************************
                   DB: util_test
                 NAME: e1
                 BODY: DELETE FROM util_test.t1 WHERE a = "not there"
              DEFINER: root@localhost
           EXECUTE_AT: None
       INTERVAL_VALUE: 1
       INTERVAL_FIELD: YEAR
              CREATED: XXXX-XX-XX XX:XX:XX
             MODIFIED: XXXX-XX-XX XX:XX:XX
        LAST_EXECUTED: None
               STARTS: XXXX-XX-XX XX:XX:XX
                 ENDS: XXXX-XX-XX XX:XX:XX
               STATUS: DISABLED
        ON_COMPLETION: DROP
             SQL_MODE: 
              COMMENT: 
           ORIGINATOR: XX
            TIME_ZONE: SYSTEM
 CHARACTER_SET_CLIENT: utf8
 COLLATION_CONNECTION: utf8_general_ci
         DB_COLLATION: latin1_swedish_ci
            BODY_UTF8: DELETE FROM util_test.t1 WHERE a = "not there"
1 row.
# GRANTS in util_test:
*************************       1. row *************************
        GRANTEE: 'joe'@'user'
 PRIVILEGE_TYPE: ALTER
   TABLE_SCHEMA: util_test
     TABLE_NAME: None
    COLUMN_NAME: None
   ROUTINE_NAME: None
*************************       2. row *************************
        GRANTEE: 'joe'@'user'
 PRIVILEGE_TYPE: ALTER ROUTINE
   TABLE_SCHEMA: util_test
     TABLE_NAME: None
    COLUMN_NAME: None
   ROUTINE_NAME: None
*************************       3. row *************************
        GRANTEE: 'joe'@'user'
 PRIVILEGE_TYPE: CREATE
   TABLE_SCHEMA: util_test
     TABLE_NAME: None
    COLUMN_NAME: None
   ROUTINE_NAME: None
*************************       4. row *************************
        GRANTEE: 'joe'@'user'
 PRIVILEGE_TYPE: CREATE ROUTINE
   TABLE_SCHEMA: util_test
     TABLE_NAME: None
    COLUMN_NAME: None
   ROUTINE_NAME: None
*************************       5. row *************************
        GRANTEE: 'joe'@'user'
 PRIVILEGE_TYPE: CREATE TEMPORARY TABLES
   TABLE_SCHEMA: util_test
     TABLE_NAME: None
    COLUMN_NAME: None
   ROUTINE_NAME: None
*************************       6. row *************************
        GRANTEE: 'joe'@'user'
 PRIVILEGE_TYPE: CREATE VIEW
   TABLE_SCHEMA: util_test
     TABLE_NAME: None
    COLUMN_NAME: None
   ROUTINE_NAME: None
*************************       7. row *************************
        GRANTEE: 'joe'@'user'
 PRIVILEGE_TYPE: DELETE
   TABLE_SCHEMA: util_test
     TABLE_NAME: None
    COLUMN_NAME: None
   ROUTINE_NAME: None
*************************       8. row *************************
        GRANTEE: 'joe'@'user'
 PRIVILEGE_TYPE: DROP
   TABLE_SCHEMA: util_test
     TABLE_NAME: None
    COLUMN_NAME: None
   ROUTINE_NAME: None
*************************       9. row *************************
        GRANTEE: 'joe'@'user'
 PRIVILEGE_TYPE: EVENT
   TABLE_SCHEMA: util_test
     TABLE_NAME: None
    COLUMN_NAME: None
   ROUTINE_NAME: None
*************************      10. row *************************
        GRANTEE: 'joe'@'user'
 PRIVILEGE_TYPE: EXECUTE
   TABLE_SCHEMA: util_test
     TABLE_NAME: None
    COLUMN_NAME: None
   ROUTINE_NAME: None
*************************      11. row *************************
        GRANTEE: 'joe'@'user'
 PRIVILEGE_TYPE: INDEX
   TABLE_SCHEMA: util_test
     TABLE_NAME: None
    COLUMN_NAME: None
   ROUTINE_NAME: None
*************************      12. row *************************
        GRANTEE: 'joe'@'user'
 PRIVILEGE_TYPE: INSERT
   TABLE_SCHEMA: util_test
     TABLE_NAME: None
    COLUMN_NAME: None
   ROUTINE_NAME: None
*************************      13. row *************************
        GRANTEE: 'joe'@'user'
 PRIVILEGE_TYPE: LOCK TABLES
   TABLE_SCHEMA: util_test
     TABLE_NAME: None
    COLUMN_NAME: None
   ROUTINE_NAME: None
*************************      14. row *************************
        GRANTEE: 'joe'@'user'
 PRIVILEGE_TYPE: REFERENCES
   TABLE_SCHEMA: util_test
     TABLE_NAME: None
    COLUMN_NAME: None
   ROUTINE_NAME: None
*************************      15. row *************************
        GRANTEE: 'joe'@'user'
 PRIVILEGE_TYPE: SELECT
   TABLE_SCHEMA: util_test
     TABLE_NAME: None
    COLUMN_NAME: None
   ROUTINE_NAME: None
*************************      16. row *************************
        GRANTEE: 'joe'@'user'
 PRIVILEGE_TYPE: SHOW VIEW
   TABLE_SCHEMA: util_test
     TABLE_NAME: None
    COLUMN_NAME: None
   ROUTINE_NAME: None
*************************      17. row *************************
        GRANTEE: 'joe'@'user'
 PRIVILEGE_TYPE: TRIGGER
   TABLE_SCHEMA: util_test
     TABLE_NAME: None
    COLUMN_NAME: None
   ROUTINE_NAME: None
*************************      18. row *************************
        GRANTEE: 'joe'@'user'
 PRIVILEGE_TYPE: UPDATE
   TABLE_SCHEMA: util_test
     TABLE_NAME: None
    COLUMN_NAME: None
   ROUTINE_NAME: None
*************************      19. row *************************
        GRANTEE: 'joe_wildcard'@'%'
 PRIVILEGE_TYPE: ALTER
   TABLE_SCHEMA: util_test
     TABLE_NAME: None
    COLUMN_NAME: None
   ROUTINE_NAME: None
*************************      20. row *************************
        GRANTEE: 'joe_wildcard'@'%'
 PRIVILEGE_TYPE: ALTER ROUTINE
   TABLE_SCHEMA: util_test
     TABLE_NAME: None
    COLUMN_NAME: None
   ROUTINE_NAME: None
*************************      21. row *************************
        GRANTEE: 'joe_wildcard'@'%'
 PRIVILEGE_TYPE: CREATE
   TABLE_SCHEMA: util_test
     TABLE_NAME: None
    COLUMN_NAME: None
   ROUTINE_NAME: None
*************************      22. row *************************
        GRANTEE: 'joe_wildcard'@'%'
 PRIVILEGE_TYPE: CREATE ROUTINE
   TABLE_SCHEMA: util_test
     TABLE_NAME: None
    COLUMN_NAME: None
   ROUTINE_NAME: None
*************************      23. row *************************
        GRANTEE: 'joe_wildcard'@'%'
 PRIVILEGE_TYPE: CREATE TEMPORARY TABLES
   TABLE_SCHEMA: util_test
     TABLE_NAME: None
    COLUMN_NAME: None
   ROUTINE_NAME: None
*************************      24. row *************************
        GRANTEE: 'joe_wildcard'@'%'
 PRIVILEGE_TYPE: CREATE VIEW
   TABLE_SCHEMA: util_test
     TABLE_NAME: None
    COLUMN_NAME: None
   ROUTINE_NAME: None
*************************      25. row *************************
        GRANTEE: 'joe_wildcard'@'%'
 PRIVILEGE_TYPE: DELETE
   TABLE_SCHEMA: util_test
     TABLE_NAME: None
    COLUMN_NAME: None
   ROUTINE_NAME: None
*************************      26. row *************************
        GRANTEE: 'joe_wildcard'@'%'
 PRIVILEGE_TYPE: DROP
   TABLE_SCHEMA: util_test
     TABLE_NAME: None
    COLUMN_NAME: None
   ROUTINE_NAME: None
*************************      27. row *************************
        GRANTEE: 'joe_wildcard'@'%'
 PRIVILEGE_TYPE: EVENT
   TABLE_SCHEMA: util_test
     TABLE_NAME: None
    COLUMN_NAME: None
   ROUTINE_NAME: None
*************************      28. row *************************
        GRANTEE: 'joe_wildcard'@'%'
 PRIVILEGE_TYPE: EXECUTE
   TABLE_SCHEMA: util_test
     TABLE_NAME: None
    COLUMN_NAME: None
   ROUTINE_NAME: None
*************************      29. row *************************
        GRANTEE: 'joe_wildcard'@'%'
 PRIVILEGE_TYPE: INDEX
   TABLE_SCHEMA: util_test
     TABLE_NAME: None
    COLUMN_NAME: None
   ROUTINE_NAME: None
*************************      30. row *************************
        GRANTEE: 'joe_wildcard'@'%'
 PRIVILEGE_TYPE: INSERT
   TABLE_SCHEMA: util_test
     TABLE_NAME: None
    COLUMN_NAME: None
   ROUTINE_NAME: None
*************************      31. row *************************
        GRANTEE: 'joe_wildcard'@'%'
 PRIVILEGE_TYPE: LOCK TABLES
   TABLE_SCHEMA: util_test
     TABLE_NAME: None
    COLUMN_NAME: None
   ROUTINE_NAME: None
*************************      32. row *************************
        GRANTEE: 'joe_wildcard'@'%'
 PRIVILEGE_TYPE: REFERENCES
   TABLE_SCHEMA: util_test
     TABLE_NAME: None
    COLUMN_NAME: None
   ROUTINE_NAME: None
*************************      33. row *************************
        GRANTEE: 'joe_wildcard'@'%'
 PRIVILEGE_TYPE: SELECT
   TABLE_SCHEMA: util_test
     TABLE_NAME: None
    COLUMN_NAME: None
   ROUTINE_NAME: None
*************************      34. row *************************
        GRANTEE: 'joe_wildcard'@'%'
 PRIVILEGE_TYPE: SHOW VIEW
   TABLE_SCHEMA: util_test
     TABLE_NAME: None
    COLUMN_NAME: None
   ROUTINE_NAME: None
*************************      35. row *************************
        GRANTEE: 'joe_wildcard'@'%'
 PRIVILEGE_TYPE: TRIGGER
   TABLE_SCHEMA: util_test
     TABLE_NAME: None
    COLUMN_NAME: None
   ROUTINE_NAME: None
*************************      36. row *************************
        GRANTEE: 'joe_wildcard'@'%'
 PRIVILEGE_TYPE: UPDATE
   TABLE_SCHEMA: util_test
     TABLE_NAME: None
    COLUMN_NAME: None
   ROUTINE_NAME: None
36 rows.
#...done.
# NOTE : --display is ignored for data export.
# Exporting data from util_test
# Data for table `util_test`.`t1`:
*************************       1. row *************************
 a: 01 Test Basic database example
*************************       2. row *************************
 a: 02 Test Basic database example
*************************       3. row *************************
 a: 03 Test Basic database example
*************************       4. row *************************
 a: 04 Test Basic database example
*************************       5. row *************************
 a: 05 Test Basic database example
*************************       6. row *************************
 a: 06 Test Basic database example
*************************       7. row *************************
 a: 07 Test Basic database example
7 rows.
# Data for table `util_test`.`t2`:
*************************       1. row *************************
 a: 11 Test Basic database example
*************************       2. row *************************
 a: 12 Test Basic database example
*************************       3. row *************************
 a: 13 Test Basic database example
*************************       4. row *************************
 a: NULL
4 rows.
# Data for table `util_test`.`t3`:
*************************       1. row *************************
 a: 1
 b: 14 test fkeys
*************************       2. row *************************
 a: 2
 b: 15 test fkeys
*************************       3. row *************************
 a: 3
 b: 16 test fkeys
*************************       4. row *************************
 a: 4
 b: NULL
4 rows.
# Data for table `util_test`.`t4`:
*************************       1. row *************************
 c: 3
 d: 2
1 row.
# Data for table `util_test`.`t5`:
*************************       1. row *************************
     product_id: 1
           name: kitkat
     base_price: 0.99
 tax_percentage: 19
*************************       2. row *************************
     product_id: 2
           name: M&M
     base_price: 5.99
 tax_percentage: 19
*************************       3. row *************************
     product_id: 3
           name: milk
     base_price: 0.67
 tax_percentage: 5
*************************       4. row *************************
     product_id: 4
           name: Dr. Pepper
     base_price: 0.99
 tax_percentage: 19
4 rows.
#...done.
SET FOREIGN_KEY_CHECKS=1;
Test case 12 - VERTICAL format with NAMES display
# Source on XXXX-XXXX: ... connected.
SET FOREIGN_KEY_CHECKS=0;
# Exporting metadata from util_test
# TABLES in util_test:
*************************       1. row *************************
 TABLE_NAME: t1
*************************       2. row *************************
 TABLE_NAME: t2
*************************       3. row *************************
 TABLE_NAME: t3
*************************       4. row *************************
 TABLE_NAME: t4
*************************       5. row *************************
 TABLE_NAME: t5
5 rows.
# FUNCTIONS in util_test:
*************************       1. row *************************
 NAME: f1
*************************       2. row *************************
 NAME: f2
2 rows.
# PROCEDURES in util_test:
*************************       1. row *************************
 NAME: p1
1 row.
# VIEWS in util_test:
*************************       1. row *************************
 TABLE_NAME: v2
*************************       2. row *************************
 TABLE_NAME: v1
2 rows.
# TRIGGERS in util_test:
*************************       1. row *************************
 TRIGGER_NAME: trg
1 row.
# EVENTS in util_test:
*************************       1. row *************************
 NAME: e1
1 row.
# GRANTS in util_test:
*************************       1. row *************************
        GRANTEE: 'joe'@'user'
 PRIVILEGE_TYPE: ALTER
   TABLE_SCHEMA: util_test
     TABLE_NAME: None
    COLUMN_NAME: None
   ROUTINE_NAME: None
*************************       2. row *************************
        GRANTEE: 'joe'@'user'
 PRIVILEGE_TYPE: ALTER ROUTINE
   TABLE_SCHEMA: util_test
     TABLE_NAME: None
    COLUMN_NAME: None
   ROUTINE_NAME: None
*************************       3. row *************************
        GRANTEE: 'joe'@'user'
 PRIVILEGE_TYPE: CREATE
   TABLE_SCHEMA: util_test
     TABLE_NAME: None
    COLUMN_NAME: None
   ROUTINE_NAME: None
*************************       4. row *************************
        GRANTEE: 'joe'@'user'
 PRIVILEGE_TYPE: CREATE ROUTINE
   TABLE_SCHEMA: util_test
     TABLE_NAME: None
    COLUMN_NAME: None
   ROUTINE_NAME: None
*************************       5. row *************************
        GRANTEE: 'joe'@'user'
 PRIVILEGE_TYPE: CREATE TEMPORARY TABLES
   TABLE_SCHEMA: util_test
     TABLE_NAME: None
    COLUMN_NAME: None
   ROUTINE_NAME: None
*************************       6. row *************************
        GRANTEE: 'joe'@'user'
 PRIVILEGE_TYPE: CREATE VIEW
   TABLE_SCHEMA: util_test
     TABLE_NAME: None
    COLUMN_NAME: None
   ROUTINE_NAME: None
*************************       7. row *************************
        GRANTEE: 'joe'@'user'
 PRIVILEGE_TYPE: DELETE
   TABLE_SCHEMA: util_test
     TABLE_NAME: None
    COLUMN_NAME: None
   ROUTINE_NAME: None
*************************       8. row *************************
        GRANTEE: 'joe'@'user'
 PRIVILEGE_TYPE: DROP
   TABLE_SCHEMA: util_test
     TABLE_NAME: None
    COLUMN_NAME: None
   ROUTINE_NAME: None
*************************       9. row *************************
        GRANTEE: 'joe'@'user'
 PRIVILEGE_TYPE: EVENT
   TABLE_SCHEMA: util_test
     TABLE_NAME: None
    COLUMN_NAME: None
   ROUTINE_NAME: None
*************************      10. row *************************
        GRANTEE: 'joe'@'user'
 PRIVILEGE_TYPE: EXECUTE
   TABLE_SCHEMA: util_test
     TABLE_NAME: None
    COLUMN_NAME: None
   ROUTINE_NAME: None
*************************      11. row *************************
        GRANTEE: 'joe'@'user'
 PRIVILEGE_TYPE: INDEX
   TABLE_SCHEMA: util_test
     TABLE_NAME: None
    COLUMN_NAME: None
   ROUTINE_NAME: None
*************************      12. row *************************
        GRANTEE: 'joe'@'user'
 PRIVILEGE_TYPE: INSERT
   TABLE_SCHEMA: util_test
     TABLE_NAME: None
    COLUMN_NAME: None
   ROUTINE_NAME: None
*************************      13. row *************************
        GRANTEE: 'joe'@'user'
 PRIVILEGE_TYPE: LOCK TABLES
   TABLE_SCHEMA: util_test
     TABLE_NAME: None
    COLUMN_NAME: None
   ROUTINE_NAME: None
*************************      14. row *************************
        GRANTEE: 'joe'@'user'
 PRIVILEGE_TYPE: REFERENCES
   TABLE_SCHEMA: util_test
     TABLE_NAME: None
    COLUMN_NAME: None
   ROUTINE_NAME: None
*************************      15. row *************************
        GRANTEE: 'joe'@'user'
 PRIVILEGE_TYPE: SELECT
   TABLE_SCHEMA: util_test
     TABLE_NAME: None
    COLUMN_NAME: None
   ROUTINE_NAME: None
*************************      16. row *************************
        GRANTEE: 'joe'@'user'
 PRIVILEGE_TYPE: SHOW VIEW
   TABLE_SCHEMA: util_test
     TABLE_NAME: None
    COLUMN_NAME: None
   ROUTINE_NAME: None
*************************      17. row *************************
        GRANTEE: 'joe'@'user'
 PRIVILEGE_TYPE: TRIGGER
   TABLE_SCHEMA: util_test
     TABLE_NAME: None
    COLUMN_NAME: None
   ROUTINE_NAME: None
*************************      18. row *************************
        GRANTEE: 'joe'@'user'
 PRIVILEGE_TYPE: UPDATE
   TABLE_SCHEMA: util_test
     TABLE_NAME: None
    COLUMN_NAME: None
   ROUTINE_NAME: None
*************************      19. row *************************
        GRANTEE: 'joe_wildcard'@'%'
 PRIVILEGE_TYPE: ALTER
   TABLE_SCHEMA: util_test
     TABLE_NAME: None
    COLUMN_NAME: None
   ROUTINE_NAME: None
*************************      20. row *************************
        GRANTEE: 'joe_wildcard'@'%'
 PRIVILEGE_TYPE: ALTER ROUTINE
   TABLE_SCHEMA: util_test
     TABLE_NAME: None
    COLUMN_NAME: None
   ROUTINE_NAME: None
*************************      21. row *************************
        GRANTEE: 'joe_wildcard'@'%'
 PRIVILEGE_TYPE: CREATE
   TABLE_SCHEMA: util_test
     TABLE_NAME: None
    COLUMN_NAME: None
   ROUTINE_NAME: None
*************************      22. row *************************
        GRANTEE: 'joe_wildcard'@'%'
 PRIVILEGE_TYPE: CREATE ROUTINE
   TABLE_SCHEMA: util_test
     TABLE_NAME: None
    COLUMN_NAME: None
   ROUTINE_NAME: None
*************************      23. row *************************
        GRANTEE: 'joe_wildcard'@'%'
 PRIVILEGE_TYPE: CREATE TEMPORARY TABLES
   TABLE_SCHEMA: util_test
     TABLE_NAME: None
    COLUMN_NAME: None
   ROUTINE_NAME: None
*************************      24. row *************************
        GRANTEE: 'joe_wildcard'@'%'
 PRIVILEGE_TYPE: CREATE VIEW
   TABLE_SCHEMA: util_test
     TABLE_NAME: None
    COLUMN_NAME: None
   ROUTINE_NAME: None
*************************      25. row *************************
        GRANTEE: 'joe_wildcard'@'%'
 PRIVILEGE_TYPE: DELETE
   TABLE_SCHEMA: util_test
     TABLE_NAME: None
    COLUMN_NAME: None
   ROUTINE_NAME: None
*************************      26. row *************************
        GRANTEE: 'joe_wildcard'@'%'
 PRIVILEGE_TYPE: DROP
   TABLE_SCHEMA: util_test
     TABLE_NAME: None
    COLUMN_NAME: None
   ROUTINE_NAME: None
*************************      27. row *************************
        GRANTEE: 'joe_wildcard'@'%'
 PRIVILEGE_TYPE: EVENT
   TABLE_SCHEMA: util_test
     TABLE_NAME: None
    COLUMN_NAME: None
   ROUTINE_NAME: None
*************************      28. row *************************
        GRANTEE: 'joe_wildcard'@'%'
 PRIVILEGE_TYPE: EXECUTE
   TABLE_SCHEMA: util_test
     TABLE_NAME: None
    COLUMN_NAME: None
   ROUTINE_NAME: None
*************************      29. row *************************
        GRANTEE: 'joe_wildcard'@'%'
 PRIVILEGE_TYPE: INDEX
   TABLE_SCHEMA: util_test
     TABLE_NAME: None
    COLUMN_NAME: None
   ROUTINE_NAME: None
*************************      30. row *************************
        GRANTEE: 'joe_wildcard'@'%'
 PRIVILEGE_TYPE: INSERT
   TABLE_SCHEMA: util_test
     TABLE_NAME: None
    COLUMN_NAME: None
   ROUTINE_NAME: None
*************************      31. row *************************
        GRANTEE: 'joe_wildcard'@'%'
 PRIVILEGE_TYPE: LOCK TABLES
   TABLE_SCHEMA: util_test
     TABLE_NAME: None
    COLUMN_NAME: None
   ROUTINE_NAME: None
*************************      32. row *************************
        GRANTEE: 'joe_wildcard'@'%'
 PRIVILEGE_TYPE: REFERENCES
   TABLE_SCHEMA: util_test
     TABLE_NAME: None
    COLUMN_NAME: None
   ROUTINE_NAME: None
*************************      33. row *************************
        GRANTEE: 'joe_wildcard'@'%'
 PRIVILEGE_TYPE: SELECT
   TABLE_SCHEMA: util_test
     TABLE_NAME: None
    COLUMN_NAME: None
   ROUTINE_NAME: None
*************************      34. row *************************
        GRANTEE: 'joe_wildcard'@'%'
 PRIVILEGE_TYPE: SHOW VIEW
   TABLE_SCHEMA: util_test
     TABLE_NAME: None
    COLUMN_NAME: None
   ROUTINE_NAME: None
*************************      35. row *************************
        GRANTEE: 'joe_wildcard'@'%'
 PRIVILEGE_TYPE: TRIGGER
   TABLE_SCHEMA: util_test
     TABLE_NAME: None
    COLUMN_NAME: None
   ROUTINE_NAME: None
*************************      36. row *************************
        GRANTEE: 'joe_wildcard'@'%'
 PRIVILEGE_TYPE: UPDATE
   TABLE_SCHEMA: util_test
     TABLE_NAME: None
    COLUMN_NAME: None
   ROUTINE_NAME: None
36 rows.
#...done.
# NOTE : --display is ignored for data export.
# Exporting data from util_test
# Data for table `util_test`.`t1`:
*************************       1. row *************************
 a: 01 Test Basic database example
*************************       2. row *************************
 a: 02 Test Basic database example
*************************       3. row *************************
 a: 03 Test Basic database example
*************************       4. row *************************
 a: 04 Test Basic database example
*************************       5. row *************************
 a: 05 Test Basic database example
*************************       6. row *************************
 a: 06 Test Basic database example
*************************       7. row *************************
 a: 07 Test Basic database example
7 rows.
# Data for table `util_test`.`t2`:
*************************       1. row *************************
 a: 11 Test Basic database example
*************************       2. row *************************
 a: 12 Test Basic database example
*************************       3. row *************************
 a: 13 Test Basic database example
*************************       4. row *************************
 a: NULL
4 rows.
# Data for table `util_test`.`t3`:
*************************       1. row *************************
 a: 1
 b: 14 test fkeys
*************************       2. row *************************
 a: 2
 b: 15 test fkeys
*************************       3. row *************************
 a: 3
 b: 16 test fkeys
*************************       4. row *************************
 a: 4
 b: NULL
4 rows.
# Data for table `util_test`.`t4`:
*************************       1. row *************************
 c: 3
 d: 2
1 row.
# Data for table `util_test`.`t5`:
*************************       1. row *************************
     product_id: 1
           name: kitkat
     base_price: 0.99
 tax_percentage: 19
*************************       2. row *************************
     product_id: 2
           name: M&M
     base_price: 5.99
 tax_percentage: 19
*************************       3. row *************************
     product_id: 3
           name: milk
     base_price: 0.67
 tax_percentage: 5
*************************       4. row *************************
     product_id: 4
           name: Dr. Pepper
     base_price: 0.99
 tax_percentage: 19
4 rows.
#...done.
SET FOREIGN_KEY_CHECKS=1;
Test case 13 - copy all databases
# Source on XXXX-XXXX: ... connected.
SET FOREIGN_KEY_CHECKS=0;
# Exporting metadata from util_test
DROP DATABASE IF EXISTS `util_test`;
CREATE DATABASE `util_test`;
USE `util_test`;
# TABLE: util_test.t1
CREATE TABLE `t1` (
  `a` char(30) DEFAULT NULL
) ENGINE=MEMORY DEFAULT CHARSET=latin1;
# TABLE: util_test.t2
CREATE TABLE `t2` (
  `a` char(30) DEFAULT NULL
) ENGINE=MyISAM DEFAULT CHARSET=latin1;
# TABLE: util_test.t3
CREATE TABLE `t3` (
  `a` int(11) NOT NULL AUTO_INCREMENT,
  `b` varchar(30) DEFAULT NULL,
  PRIMARY KEY (`a`)
) ENGINE=InnoDB AUTO_INCREMENT=5 DEFAULT CHARSET=latin1;
# TABLE: util_test.t4
CREATE TABLE `t4` (
  `c` int(11) NOT NULL,
  `d` int(11) NOT NULL,
  KEY `ref_t3` (`c`),
  CONSTRAINT `ref_t3` FOREIGN KEY (`c`) REFERENCES `t3` (`a`)
) ENGINE=InnoDB DEFAULT CHARSET=latin1;
# TABLE: util_test.t5
CREATE TABLE `t5` (
  `product_id` int(10) unsigned NOT NULL AUTO_INCREMENT,
  `name` varchar(20) DEFAULT NULL,
  `base_price` decimal(20,2) unsigned DEFAULT NULL,
  `tax_percentage` decimal(3,0) unsigned DEFAULT NULL,
  PRIMARY KEY (`product_id`)
) ENGINE=InnoDB AUTO_INCREMENT=5 DEFAULT CHARSET=latin1;
# FUNCTION: util_test.f1
DELIMITER ||
CREATE DEFINER=`root`@`localhost` FUNCTION `f1`() RETURNS int(11)
    DETERMINISTIC
RETURN (SELECT 1);
||
DELIMITER ;
# FUNCTION: util_test.f2
DELIMITER ||
CREATE DEFINER=`root`@`localhost` FUNCTION `f2`(base_price DECIMAL(20,2) UNSIGNED, tax_percentage DECIMAL(3,0) UNSIGNED) RETURNS decimal(21,2) unsigned
    DETERMINISTIC
RETURN base_price + base_price*(tax_percentage/100);
||
DELIMITER ;
# PROCEDURE: util_test.p1
DELIMITER ||
CREATE DEFINER=`root`@`localhost` PROCEDURE `p1`(p1 CHAR(20))
INSERT INTO util_test.t1 VALUES ("50");
||
DELIMITER ;
# VIEW: util_test.v2
CREATE ALGORITHM=UNDEFINED DEFINER=`root`@`localhost` SQL SECURITY DEFINER VIEW `v2` AS select `t5`.`name` AS `name`,`util_test`.`f2`(`t5`.`base_price`,`t5`.`tax_percentage`) AS `price` from `t5`;
# VIEW: util_test.v1
CREATE ALGORITHM=UNDEFINED DEFINER=`root`@`localhost` SQL SECURITY DEFINER VIEW `v1` AS select `t1`.`a` AS `a` from `t1`;
# TRIGGER: util_test.trg
DELIMITER ||
CREATE DEFINER=`root`@`localhost` TRIGGER util_test.trg AFTER INSERT ON util_test.t1 FOR EACH ROW INSERT INTO util_test.t2 VALUES('Test objects count');
||
DELIMITER ;
# Exporting metadata from wesaysocorp
DROP DATABASE IF EXISTS `wesaysocorp`;
CREATE DATABASE `wesaysocorp`;
USE `wesaysocorp`;
#...done.
USE `util_test`;
# Exporting data from util_test
# Data for table `util_test`.`t1`:
INSERT INTO `util_test`.`t1` VALUES ('01 Test Basic database example');
INSERT INTO `util_test`.`t1` VALUES ('02 Test Basic database example');
INSERT INTO `util_test`.`t1` VALUES ('03 Test Basic database example');
INSERT INTO `util_test`.`t1` VALUES ('04 Test Basic database example');
INSERT INTO `util_test`.`t1` VALUES ('05 Test Basic database example');
INSERT INTO `util_test`.`t1` VALUES ('06 Test Basic database example');
INSERT INTO `util_test`.`t1` VALUES ('07 Test Basic database example');
# Data for table `util_test`.`t2`:
INSERT INTO `util_test`.`t2` VALUES ('11 Test Basic database example');
INSERT INTO `util_test`.`t2` VALUES ('12 Test Basic database example');
INSERT INTO `util_test`.`t2` VALUES ('13 Test Basic database example');
INSERT INTO `util_test`.`t2` VALUES (NULL);
# Data for table `util_test`.`t3`:
INSERT INTO `util_test`.`t3` VALUES (1, '14 test fkeys');
INSERT INTO `util_test`.`t3` VALUES (2, '15 test fkeys');
INSERT INTO `util_test`.`t3` VALUES (3, '16 test fkeys');
INSERT INTO `util_test`.`t3` VALUES (4, NULL);
# Data for table `util_test`.`t4`:
INSERT INTO `util_test`.`t4` VALUES (3, 2);
# Data for table `util_test`.`t5`:
INSERT INTO `util_test`.`t5` VALUES (1, 'kitkat', 0.99, 19);
INSERT INTO `util_test`.`t5` VALUES (2, 'M&M', 5.99, 19);
INSERT INTO `util_test`.`t5` VALUES (3, 'milk', 0.67, 5);
INSERT INTO `util_test`.`t5` VALUES (4, 'Dr. Pepper', 0.99, 19);
#...done.
SET FOREIGN_KEY_CHECKS=1;
